sin,cos,year,month,TF,ZW,STE
0.0,1.0,200,1,0.2821817597984516,-0.04219560611774799,-0.4427728476638941
0.5,0.9,200,2,1.063967050837847,0.03493160589889878,-0.3703066210772338
0.9,0.5,200,3,-1.4263449105396169,-0.019952717082080674,-0.5302678298792186
1.0,0.0,200,4,-2.818830756039083,0.024141929937624283,-0.3703611215138991
0.9,-0.5,200,5,-3.665659093725045,-0.030753222895529845,-0.4571890437356282
0.5,-0.9,200,6,-3.60422807140073,-0.07934870351205202,-0.3232163854904472
0.0,-1.0,200,7,-4.944369472206926,-0.19414586737962297,-0.515137247607879
-0.5,-0.9,200,8,-5.674525280398158,-0.029969221143570122,-0.6512473977198702
-0.9,-0.5,200,9,-3.9167770046959056,-0.010450565107205727,-0.5094343212205099
-1.0,-0.0,200,10,-4.0713910814791685,-0.015571015538361682,-0.6029702101090983
-0.9,0.5,200,11,-3.687893112929869,-0.0033777396880807302,-0.4700332752452811
-0.5,0.9,200,12,-2.5567942590512813,-0.020209198554679494,-0.3785242700859824
0.0,1.0,201,1,-2.224816901608023,-0.10264774462593691,-0.3804740694627796
0.5,0.9,201,2,-3.659293746194733,-0.05941349992905009,-0.5654966214982349
0.9,0.5,201,3,-4.013428702992481,-0.037391587761811326,-0.4876081730624707
1.0,0.0,201,4,-4.931338583006414,-0.01736212411759869,-0.6224382727829536
0.9,-0.5,201,5,-4.69024498250433,-0.05368349864199524,-0.5214729130617397
0.5,-0.9,201,6,-3.52667175813968,-0.11994462057503023,-0.4956258900858377
0.0,-1.0,201,7,-2.9774037522692933,-0.16028029627166246,-0.442954505429241
-0.5,-0.9,201,8,-2.543221948053006,-0.04685699407530142,-0.3873203131649348
-0.9,-0.5,201,9,-2.532866166740524,-0.10254336434459388,-0.6001017261686734
-1.0,-0.0,201,10,-2.5978874446578786,-0.04416299016174756,-0.9790829848909214
-0.9,0.5,201,11,-0.39610782275472,-0.024121005826554492,-0.9800718887946042
-0.5,0.9,201,12,2.3933069897895924,-0.08189314794922167,-0.8763491205186162
0.0,1.0,202,1,5.849947224027474,0.04755269606012282,-0.5322246874378878
0.5,0.9,202,2,8.758273400393113,0.06061196539485588,-0.3581419889773447
0.9,0.5,202,3,8.657308603253073,0.029185177618449167,-0.4553785366664311
1.0,0.0,202,4,8.698049587605965,0.06541947969719217,-0.2214627161413576
0.9,-0.5,202,5,9.026394704630748,0.054643111259317034,-0.1234941731215437
0.5,-0.9,202,6,8.450972954016184,-0.04053489301422793,0.0647049293648687
0.0,-1.0,202,7,7.366172820437689,-0.06180826987712927,0.1447420036901198
-0.5,-0.9,202,8,6.078538614621337,-0.012724739384649802,0.1061045440602996
-0.9,-0.5,202,9,4.859740007237354,0.05721190602085049,0.0791852472139771
-1.0,-0.0,202,10,4.381667667175176,0.05004641255080444,0.0885623466214059
-0.9,0.5,202,11,3.0153702682289776,0.04501518750550688,0.1437489959675409
-0.5,0.9,202,12,1.6914462491780775,0.00916288252162546,0.0749493135602883
0.0,1.0,203,1,0.6523432464002621,0.0027430779081367416,0.0967086635638662
0.5,0.9,203,2,-1.981022200020712,-0.04391761143522246,-0.0916994095257458
0.9,0.5,203,3,-4.0954202231827415,0.01563555643808961,-0.1513061625394657
1.0,0.0,203,4,-1.915331105361188,0.08665947263671556,-0.0748202348269287
0.9,-0.5,203,5,-0.2369528624297854,0.06686169920663572,0.3615154676523793
0.5,-0.9,203,6,-0.1727585170048892,-0.02125067502359348,0.2560816757681921
0.0,-1.0,203,7,0.0792709539675903,-0.09249921151146549,0.267510421596497
-0.5,-0.9,203,8,-0.6901768063757809,0.07652481036298446,0.4592726812337674
-0.9,-0.5,203,9,1.112331756616881,0.09356282945023155,0.842106758908847
-1.0,-0.0,203,10,2.4001706710368005,0.21202708724424194,1.216603287820519
-0.9,0.5,203,11,1.6656378613047438,0.029733887692821197,1.1789997954686435
-0.5,0.9,203,12,-0.7481443638803236,0.03189689547293947,0.966112889873698
0.0,1.0,204,1,-5.43476192102723,0.035123599932172636,0.6276275618900475
0.5,0.9,204,2,-7.396977153084014,0.17121585570523226,0.6623860519445816
0.9,0.5,204,3,-6.673853876740541,0.0964801139375163,0.737897201092415
1.0,0.0,204,4,-4.248898837034574,0.08320741591538476,0.6270950537004194
0.9,-0.5,204,5,-3.681949644557228,0.13352913047428705,0.7857942905746317
0.5,-0.9,204,6,-2.6227437346336995,0.046524356708694585,0.8295452614066516
0.0,-1.0,204,7,-2.5454260206018007,0.021217616594719785,1.0097305704909492
-0.5,-0.9,204,8,-3.852898018814619,0.084596970099162,1.08556973872155
-0.9,-0.5,204,9,-4.831814267984796,0.10777702349997043,0.936027385680283
-1.0,-0.0,204,10,-3.9409355187129695,0.1483849923261498,1.039879045271528
-0.9,0.5,204,11,-4.697196421843074,0.12012380934200685,0.8721308333991712
-0.5,0.9,204,12,-4.536635918871908,0.0530473787944656,0.86720450860133
0.0,1.0,205,1,-4.359482914064995,0.12881319659128893,0.9496584798390256
0.5,0.9,205,2,-4.485942938440899,0.07281135624290717,0.795657264402744
0.9,0.5,205,3,-7.470723734700518,0.06639011841928,0.5330801318727056
1.0,0.0,205,4,-9.706730207298516,0.10103101857569183,0.4214118396764926
0.9,-0.5,205,5,-9.880370119929774,0.01204236572846764,0.3210069754129556
0.5,-0.9,205,6,-7.1942483801213495,-0.05871343062476532,0.5139489422803248
0.0,-1.0,205,7,-5.961796019531569,-0.03051294670594259,0.1947182980149769
-0.5,-0.9,205,8,-4.0082261102856656,-0.02657192541180139,0.2591187890774734
-0.9,-0.5,205,9,-4.463478405565385,0.0016466709473045371,-0.2052413064292918
-1.0,-0.0,205,10,-4.083373105454439,0.030376730835775863,-0.3522600874293989
-0.9,0.5,205,11,-4.546113294028506,-0.03839960441588854,-0.525907041284508
-0.5,0.9,205,12,-2.9720001311981274,0.048873356793065245,-0.0443285867043696
0.0,1.0,206,1,-1.2073250699186229,-0.011357061459371428,-0.0441924115924237
0.5,0.9,206,2,-0.4758476009715606,0.06242815105921109,-0.1657448665514158
0.9,0.5,206,3,-0.5137292816563894,0.08422762799984235,-0.0707443791387353
1.0,0.0,206,4,-1.073805252573544,0.015322113696977164,-0.068092032810999
0.9,-0.5,206,5,-3.555251734528776,-0.011699109070033334,-0.0815218492480146
0.5,-0.9,206,6,-4.7796922145396765,-0.09406886012780032,-0.4380445412864353
0.0,-1.0,206,7,-5.190226222957182,-0.16676487651996036,-0.5377305393491278
-0.5,-0.9,206,8,-5.45017377304808,-0.002016033825791316,-0.7104512248775315
-0.9,-0.5,206,9,-4.153220134306656,-0.052394684090094096,-0.6776072007340568
-1.0,-0.0,206,10,-3.284063015264997,-0.023620716774736848,-0.7738490144045969
-0.9,0.5,206,11,-2.906406309086155,-0.033759708871776505,-0.9624677107387144
-0.5,0.9,206,12,-0.4620192766247196,-0.04915133581659451,-0.8031608694173544
0.0,1.0,207,1,1.3550406763515266,-0.10033709263294589,-0.7940634931093055
0.5,0.9,207,2,1.5353118724762498,0.013465242587435032,-0.7015473950138357
0.9,0.5,207,3,3.108312514347924,0.020666666543362338,-0.5191193927426347
1.0,0.0,207,4,3.864383907720218,0.017602263247759403,-0.449378309899667
0.9,-0.5,207,5,4.202174448777784,-0.018975248665268403,-0.4474941645224794
0.5,-0.9,207,6,2.747120604828101,-0.05461128788759358,-0.4825125093551222
0.0,-1.0,207,7,0.4647851267785658,-0.10321822233194113,-0.5374156624793923
-0.5,-0.9,207,8,0.2829688124257427,-0.008329299535254964,-0.3504318030428391
-0.9,-0.5,207,9,-0.2844830045531052,-0.07766279100291025,-0.4124695860239413
-1.0,-0.0,207,10,-1.958353668324902,-0.00456096324179467,-0.566987122422219
-0.9,0.5,207,11,-0.7309033166822474,0.002548586570510966,-0.2315461637555315
-0.5,0.9,207,12,0.040319903072789,-0.07760451915572496,-0.4755988805398856
0.0,1.0,208,1,1.1545784299766682,0.10400392270483233,-0.2650192994678325
0.5,0.9,208,2,3.2545191930152058,0.03698438328280645,0.0844998873262759
0.9,0.5,208,3,2.932166345338954,0.06270743550774556,-0.1410915685396808
1.0,0.0,208,4,3.571905349023909,0.11109433872134683,0.1697316944369633
0.9,-0.5,208,5,2.806771919986453,0.013467355013574283,0.2201063113544046
0.5,-0.9,208,6,3.8693338258330106,-0.027043111662374074,0.3680941285462378
0.0,-1.0,208,7,4.2278790677746825,-0.04678438358627045,0.6054598296978349
-0.5,-0.9,208,8,3.8940980743517386,0.0941173929249993,0.6927078174628591
-0.9,-0.5,208,9,3.00873384525422,0.0774926530290564,0.7872480917470129
-1.0,-0.0,208,10,3.736442060622663,0.14100621399191987,0.9478139310338854
-0.9,0.5,208,11,2.8904945992286435,0.0005995798053357462,0.8315764895549428
-0.5,0.9,208,12,0.7097096170015844,0.06737347600710696,0.9180656681933728
0.0,1.0,209,1,-2.3374309176194346,0.038824382582328815,0.7910083421329919
0.5,0.9,209,2,-5.501086227072239,0.0875437701637541,0.5694397140683304
0.9,0.5,209,3,-7.654083014776735,0.07039895752971549,0.5416204972112875
1.0,0.0,209,4,-8.209088762856945,0.12899043224334097,0.6465139967012196
0.9,-0.5,209,5,-7.972148538928535,0.027526318466450227,0.2926456776269388
0.5,-0.9,209,6,-7.356824521021863,0.009067869588021398,0.169300864278406
0.0,-1.0,209,7,-6.047223394833553,-0.13841576423259624,0.2328740907520256
-0.5,-0.9,209,8,-7.120627495701966,-0.09372970880212975,-0.4151209943233299
-0.9,-0.5,209,9,-7.869596956741974,0.005047067526785604,-0.9276487245427216
-1.0,-0.0,209,10,-5.674176501985584,0.12658524326029727,-0.4027351145037691
-0.9,0.5,209,11,-5.176851719849045,-0.11705955392139683,-0.8174669637177185
-0.5,0.9,209,12,-7.361938325609441,-0.16137361585552593,-1.106006337854094
0.0,1.0,210,1,-3.640150486360418,0.016707381923058397,-0.2189543980765248
0.5,0.9,210,2,-3.3732732247995383,0.03222107788282168,-0.1649481078214932
0.9,0.5,210,3,-2.7080095414122813,0.028062195645708617,-0.3274317700943536
1.0,0.0,210,4,-2.0015595993401125,-0.018835856745518197,-0.3734283542683622
0.9,-0.5,210,5,-1.4912252028094848,0.01181103673195008,-0.3232313091560484
0.5,-0.9,210,6,-0.3573010748722742,-0.025689149265697788,-0.4942050636974058
0.0,-1.0,210,7,0.1276880929918473,-0.12701946654059035,-0.2414814385554432
-0.5,-0.9,210,8,-0.7034820378351064,-0.0373104735383877,-0.3820890037942438
-0.9,-0.5,210,9,-0.3886160555798623,-0.09600413698636628,-0.3914753057076655
-1.0,-0.0,210,10,-1.3777758621584202,-0.021803069864530088,-0.7256057433183671
-0.9,0.5,210,11,-0.6774517814288076,-0.06788862451251888,-0.7725362257733223
-0.5,0.9,210,12,6.693673420339781,-0.12654269514801672,-0.924638276683018
0.0,1.0,211,1,3.20231368330712,-0.10921166918824855,-0.9572681918803788
0.5,0.9,211,2,4.732584942852684,-0.0505776422603924,-0.8465987160701219
0.9,0.5,211,3,11.865489578339169,-0.03347683333930184,-0.6175279263505224
1.0,0.0,211,4,9.014228291817457,0.009381795853492322,-0.9174711015833584
0.9,-0.5,211,5,10.125652072723268,0.0030163630944422507,-0.4398394850683194
0.5,-0.9,211,6,8.939202108153907,-0.11949734424042333,-0.3877548818376955
0.0,-1.0,211,7,7.061727871918878,-0.0655476658214969,-0.3587500760069504
-0.5,-0.9,211,8,5.338129888991917,-0.12608883892052447,-0.1329746210704962
-0.9,-0.5,211,9,7.864406882713844,0.0505733924637129,0.5374761574777875
-1.0,-0.0,211,10,3.165649367474398,0.023003777928799634,0.1496958402181666
-0.9,0.5,211,11,2.2581453021863305,0.005543934020383747,0.2692996624105332
-0.5,0.9,211,12,5.070401256633176,0.015779185621668988,0.965637067385652
0.0,1.0,212,1,3.77729732970648,0.06455380828128746,0.8511356329382579
0.5,0.9,212,2,3.5760861446174945,0.23849777683729922,1.0932494530162016
0.9,0.5,212,3,5.014798873943746,0.14824031647716246,0.8682011677359687
1.0,0.0,212,4,4.844919101252567,0.18479473210005493,0.920990170742922
0.9,-0.5,212,5,-1.4660873359038404,0.11786821959664288,0.8635431255930247
0.5,-0.9,212,6,-2.068905949228688,0.029609755841040312,0.8381461133366026
0.0,-1.0,212,7,0.8771118042987152,0.07203316031029713,1.1191860487120129
-0.5,-0.9,212,8,-3.49043015581904,0.09873382620685305,1.0465507815552344
-0.9,-0.5,212,9,-3.247161829979529,0.11814013018186106,1.1850399402153726
-1.0,-0.0,212,10,-4.641653886265322,0.11116471880058386,0.8483188680566082
-0.9,0.5,212,11,-0.320110578309398,0.16940264581883105,2.075389276046824
-0.5,0.9,212,12,-2.9772236430641064,0.11994088393995556,2.231451916285512
0.0,1.0,213,1,-7.420598954764658,0.16862629485890446,2.0824812619848267
0.5,0.9,213,2,-14.10980968260408,0.11383861997571484,0.7754490096499495
0.9,0.5,213,3,-16.000673302150112,0.04986890194862523,0.5281308700961836
1.0,0.0,213,4,-16.418158816559096,0.11148204287078921,0.8770107449364675
0.9,-0.5,213,5,-16.52184041014659,-0.03221457544864619,-0.1327431964509597
0.5,-0.9,213,6,-14.375822280005409,-0.04697255673154196,0.6857933929358617
0.0,-1.0,213,7,-13.12205795622713,-0.19375361847414388,-0.9597709165000908
-0.5,-0.9,213,8,-8.601323613299666,0.03593645741859181,-0.067529319724754
-0.9,-0.5,213,9,-6.873646293920316,0.01689946229062894,-0.3128434787765098
-1.0,-0.0,213,10,-5.128322865549255,0.010292653025503676,-1.283260719509622
-0.9,0.5,213,11,-2.486119906147542,-0.11093944015813446,-1.212522695540958
-0.5,0.9,213,12,-3.1623855786173904,0.010251348506928822,-0.4718506344981253
0.0,1.0,214,1,1.7089452188833862,-0.1366489678699065,-1.1484933161925013
0.5,0.9,214,2,1.3470829268179243,-0.00029748702056309634,-0.2355491519918288
0.9,0.5,214,3,5.404546878538335,-0.011102891713895793,-0.885507284589972
1.0,0.0,214,4,7.634569520700106,0.12329789795259945,0.2059550186268198
0.9,-0.5,214,5,7.461787841462566,-0.08855420728032388,-0.8398076277352461
0.5,-0.9,214,6,6.436038615037713,-0.06548743786885236,-0.8944469526769047
0.0,-1.0,214,7,5.667150251404599,-0.14980812179400874,-0.918444438410574
-0.5,-0.9,214,8,1.8270105304993625,-0.060898395816255675,-0.9980373968008284
-0.9,-0.5,214,9,1.2423036687182074,-0.1055186725560601,-0.9294878395849742
-1.0,-0.0,214,10,1.3474111997058122,-0.042749314605041173,-0.9969428154925768
-0.9,0.5,214,11,2.132870868210757,-0.10382393700981064,-0.9615988521521028
-0.5,0.9,214,12,3.0127853424667936,-0.17870067062223613,-1.0119896657535048
0.0,1.0,215,1,-4.09555640452282,0.28199475678873476,2.4998147428372133
0.5,0.9,215,2,-6.677534364340828,0.34455458877931433,2.3735839003774
0.9,0.5,215,3,-8.378580075819501,0.2716270175074374,2.115006742178357
1.0,0.0,215,4,-11.622370586893313,0.20932058448564003,1.6233693609997857
0.9,-0.5,215,5,2.613304520045343,-0.032204853111144155,-0.5117480880642513
0.5,-0.9,215,6,-13.02661448273807,0.10445685269454588,1.3552632588534066
0.0,-1.0,215,7,-10.732468866590276,0.0759976074366413,1.2869086625402228
-0.5,-0.9,215,8,-0.1670929607579777,-0.08489300513414308,-1.0348166112093489
-0.9,-0.5,215,9,1.55711515246116,0.034386493637716495,-0.9289761107327006
-1.0,-0.0,215,10,4.173359266739928,0.02550306240471903,-0.4697338186303202
-0.9,0.5,215,11,4.050332131877674,-0.11212248327784391,-0.4574414556340249
-0.5,0.9,215,12,-12.749720005760256,-0.02310845093001408,-0.2123852245177611
0.0,1.0,216,1,9.680323797339312,0.03337612619701338,-0.0878581032169921
0.5,0.9,216,2,8.175753170507084,-0.06261196358220776,-0.3092639396309561
0.9,0.5,216,3,3.5999560070363645,-0.02310673864324389,-0.4397194459725183
1.0,0.0,216,4,1.056334784214476,-0.025667790395385172,-0.5440266872484367
0.9,-0.5,216,5,0.468354536345931,0.007212843992268132,-0.4611804900225963
0.5,-0.9,216,6,-0.5970819750587804,-0.1140046080132465,-0.4275217529693024
0.0,-1.0,216,7,-1.7905854038004063,-0.128362949462249,-0.3996999553449227
-0.5,-0.9,216,8,-1.1507704159380705,-0.06156898271797095,-0.2685647995527901
-0.9,-0.5,216,9,-2.093878380746114,0.0036147173887692845,-0.2121855282454566
-1.0,-0.0,216,10,-0.8916027407402016,0.07774563203148832,-0.0890763373709662
-0.9,0.5,216,11,-0.3790132271812096,-0.02157330801285394,-0.2289428089670724
-0.5,0.9,216,12,-0.2330927984654346,-0.05633219026745935,-0.2912878636934691
0.0,1.0,217,1,0.4229055456151562,-0.007389203367944311,-0.131683930518171
0.5,0.9,217,2,1.7354120587099418,0.04006013518838912,-0.2225132856880572
0.9,0.5,217,3,2.711257387297046,-0.04642638187496258,-0.3644168762663185
1.0,0.0,217,4,2.08751271142974,-0.08793214127844702,-0.7669617170901031
0.9,-0.5,217,5,1.915348590119124,-0.030490856873856043,-0.7232996827492216
0.5,-0.9,217,6,3.8325816738025336,-0.06742372467062574,-0.5009289860916509
0.0,-1.0,217,7,5.695565357566589,-0.027749234830355178,-0.1723084421377528
-0.5,-0.9,217,8,6.659150560026065,-0.019325709136271994,0.1991532249120263
-0.9,-0.5,217,9,5.717398574787172,0.05111413235427521,0.5298725374685732
-1.0,-0.0,217,10,5.061753688875816,0.12134098651313355,0.616617261566579
-0.9,0.5,217,11,3.826909005468434,0.022719043986195498,0.7533739252763431
-0.5,0.9,217,12,1.08914201294995,-0.06663701399629393,0.5373941790238493
0.0,1.0,218,1,-2.981586804578553,0.038646919665181745,0.2292660707945667
0.5,0.9,218,2,-4.639282082257253,-0.013674133848473997,0.0957067645845598
0.9,0.5,218,3,-5.360010191965641,0.012978460376280561,0.0266551562206432
1.0,0.0,218,4,-4.431395787442841,0.029117657130564356,0.0146844593780981
0.9,-0.5,218,5,-4.126886372344322,-0.013856140809478966,0.1089915169125867
0.5,-0.9,218,6,-4.646804042826901,-0.09288652279778277,0.0989000856960256
0.0,-1.0,218,7,-3.0527286568533336,-0.07438476841619104,0.0321829585377336
-0.5,-0.9,218,8,-1.912733272539572,-0.0007802197280710631,-0.0575447765358585
-0.9,-0.5,218,9,-0.9786324131574063,0.016569779120685402,-0.1948269409458526
-1.0,-0.0,218,10,-0.5559390383339855,0.03385477497041436,-0.0865634776006735
-0.9,0.5,218,11,-0.3777192362479956,-0.015081479379892127,-0.1265779838742229
-0.5,0.9,218,12,-1.0351087775742038,-0.11815886619270136,-0.1782116630568876
0.0,1.0,219,1,-0.9978115038334158,-0.01124826218897991,-0.1398681765814161
0.5,0.9,219,2,0.3171395375943164,0.05448963691895018,-0.0660901485623696
0.9,0.5,219,3,1.7100845377335343,0.05837979286295333,-0.0307287861302311
1.0,0.0,219,4,2.8880720308209105,0.01628992454045619,-0.1062140240122814
0.9,-0.5,219,5,3.35945254285749,0.014962725479928203,0.0827458783002305
0.5,-0.9,219,6,3.583732965064446,-0.03184657364369018,0.3319544268864637
0.0,-1.0,219,7,3.8313014271594175,-0.009362430707561117,0.3390548306391037
-0.5,-0.9,219,8,5.198171020703589,0.023569865727780668,0.7582252357828427
-0.9,-0.5,219,9,2.68075098088676,0.02655707219932338,0.552724249271176
-1.0,-0.0,219,10,1.8082244572808648,0.10132198089003085,0.6281537162259723
-0.9,0.5,219,11,0.5670300327955636,0.08689640952533259,0.5795305915186806
-0.5,0.9,219,12,0.5599320815026929,0.06183231788907553,0.7229567243879832
0.0,1.0,220,1,1.284700377493184,0.12137650184272278,0.950247148753874
0.5,0.9,220,2,1.5752763330749238,0.12475690272355199,1.0623156060525158
0.9,0.5,220,3,-0.7818645724168231,0.05410777643158772,0.736165243142224
1.0,0.0,220,4,-3.836651131885513,0.1041335964320296,0.4453732544263404
0.9,-0.5,220,5,-3.8660873781169376,0.017716384236424163,0.3580165463187442
0.5,-0.9,220,6,-4.539354233626958,-0.08797812563248697,0.263396249221236
0.0,-1.0,220,7,-4.691100304899247,-0.03752006874437651,0.4333987770074711
-0.5,-0.9,220,8,-4.628887518309464,0.03786950577948178,0.2383232852311076
-0.9,-0.5,220,9,-4.037092845429625,0.044575795989487105,0.1312401616565355
-1.0,-0.0,220,10,-5.019636713215325,0.04421031964454557,-0.1179909848473232
-0.9,0.5,220,11,-5.65578348412987,0.011531835774556727,-0.2235109131646771
-0.5,0.9,220,12,-3.868586603587381,-0.02162364498731124,-0.0836646926314157
0.0,1.0,221,1,-4.621470232700871,-0.1321233840433256,-0.6012129443881661
0.5,0.9,221,2,-7.129025302820963,-0.043968934894071554,-0.8018634731049828
0.9,0.5,221,3,-8.233522383006752,-0.019155491297054,-0.7800280008817021
1.0,0.0,221,4,-7.043644671718965,-0.023093260428336444,-0.6163912581810322
0.9,-0.5,221,5,-6.305967798333014,-0.106684441572009,-0.8616943075393017
0.5,-0.9,221,6,-5.439909029138672,-0.20915931050859052,-1.1769025887166
0.0,-1.0,221,7,-4.303980039352776,-0.23582154665562674,-1.371039645043679
-0.5,-0.9,221,8,-1.8819171435037625,-0.16657211679270162,-1.3952316020053332
-0.9,-0.5,221,9,-1.3752319588781163,-0.15204045988234086,-1.3376260574016776
-1.0,-0.0,221,10,-0.1878310538673552,-0.03247655803837736,-1.240583639772433
-0.9,0.5,221,11,1.5134271585100596,-0.1526045625507716,-1.2064995624908543
-0.5,0.9,221,12,3.5148129701375623,-0.17454968062945955,-1.192681917305671
0.0,1.0,222,1,4.751073947130803,-0.19036866183384624,-1.249492702722769
0.5,0.9,222,2,6.340499138037381,-0.02572301233173425,-1.065004590027994
0.9,0.5,222,3,9.85910055611505,-0.022654826146762928,-0.8833865266088112
1.0,0.0,222,4,11.853955663297755,-0.013438467340769025,-0.7476431360690725
0.9,-0.5,222,5,9.820129042808007,-0.035583473084630314,-0.7141494057484558
0.5,-0.9,222,6,8.344115757344744,-0.12059953476368744,-0.6550104203101934
0.0,-1.0,222,7,7.302622392482411,-0.15522568382056426,-0.6099709896841086
-0.5,-0.9,222,8,5.500101912562229,-0.15099311489750894,-0.588063491892302
-0.9,-0.5,222,9,3.2851402250170434,-0.1346162220222735,-0.9324689284290664
-1.0,-0.0,222,10,2.996654362525615,0.05142040762591557,-0.7901548518624907
-0.9,0.5,222,11,4.09969809165059,-0.10258452753297878,-0.7051470035322033
-0.5,0.9,222,12,4.59470935558356,-0.08291941893043199,-0.6294861511329888
0.0,1.0,223,1,5.842153298436008,-0.054515089733947905,-0.4450295716382945
0.5,0.9,223,2,7.601840619872424,0.060675522457938544,-0.1971463715787247
0.9,0.5,223,3,8.055505861870634,0.06968134934708929,-0.0780532378929969
1.0,0.0,223,4,7.872962255859311,0.010830956497441348,-0.0772159250269611
0.9,-0.5,223,5,6.260058010257714,0.008957594203201915,-0.1288006379229667
0.5,-0.9,223,6,4.970160437587093,-0.09497307340449912,-0.0930488284497234
0.0,-1.0,223,7,3.91239790707702,-0.07163788529465788,0.0232249173711858
-0.5,-0.9,223,8,3.924062625898489,-0.014215911178313228,0.225937143641362
-0.9,-0.5,223,9,2.817338014424101,-0.012938193021460688,0.2964899069004224
-1.0,-0.0,223,10,1.124537329675945,0.0780385731022208,0.4245541209649249
-0.9,0.5,223,11,0.4427294521900878,0.002433499600927414,0.3460627546442308
-0.5,0.9,223,12,-0.1790690661658401,-0.08492731433348073,0.2216086538330679
0.0,1.0,224,1,-1.0632020054601772,0.065079392913291,0.2010145079680412
0.5,0.9,224,2,0.8071273160319616,0.175304271179277,0.4950515065127867
0.9,0.5,224,3,0.8048975632988177,0.138082327351971,0.7134181809245171
1.0,0.0,224,4,-0.4450706756662576,0.11743820376846949,0.8183096841534534
0.9,-0.5,224,5,-3.089383557298798,0.07554652535786423,0.5975845886277015
0.5,-0.9,224,6,-3.748923935721889,-0.004752820841240754,0.7220472484789752
0.0,-1.0,224,7,-4.223245021938457,-0.0600774444617846,0.5189209689056307
-0.5,-0.9,224,8,-4.981341907394113,-0.021411545638518808,0.0505610384064641
-0.9,-0.5,224,9,-4.7130065561696535,0.04209213587242754,-0.3545436921320203
-1.0,-0.0,224,10,-4.296373007028332,0.05131830021650024,-0.3627926070488534
-0.9,0.5,224,11,-3.900275524904471,0.019745649401814357,-0.403545913653145
-0.5,0.9,224,12,-1.397441195826637,-0.0371481078116943,-0.3163625181039624
0.0,1.0,225,1,0.6467577968365344,-0.050699278131135644,-0.4886361908354684
0.5,0.9,225,2,2.6591982786828976,0.030554069178341813,-0.4786910970626714
0.9,0.5,225,3,3.540706648586956,-0.03511179896829815,-0.5113542029021394
1.0,0.0,225,4,3.908240742417601,0.050957286931797637,-0.2752803093418406
0.9,-0.5,225,5,5.165794238826545,0.05954470370969437,0.046166499545604
0.5,-0.9,225,6,5.301976850039484,-0.09284927930688121,-0.0571897250553049
0.0,-1.0,225,7,2.424864626522558,-0.04577081179115807,-0.0485075534339896
-0.5,-0.9,225,8,0.9743319960610668,-0.0612315689527613,-0.0864865238780882
-0.9,-0.5,225,9,0.156884641245825,0.008356289923912926,-0.159241110387456
-1.0,-0.0,225,10,-0.5317696879323305,0.04044971749916348,-0.2939742976765274
-0.9,0.5,225,11,-2.173612863995169,-0.059240512444294,-0.4057148195384842
-0.5,0.9,225,12,0.2123467891700742,-0.004591783893103107,-0.0480321039894962
0.0,1.0,226,1,4.281652114312512,-0.13939793514587986,0.0413638574917547
0.5,0.9,226,2,-2.622087429715476,0.005398864859223795,-0.4080298914857638
0.9,0.5,226,3,0.1929579603732029,-0.00541189040633874,-0.2093217978539834
1.0,0.0,226,4,3.564919965054002,-0.05008575570046112,-0.3301375613139377
0.9,-0.5,226,5,3.9034185421618313,0.002523620283855349,-0.2859200376054312
0.5,-0.9,226,6,3.740826421804425,0.047237368277853284,-0.3341706692034777
0.0,-1.0,226,7,4.717990292293156,0.018264217314740615,-0.1023206078440431
-0.5,-0.9,226,8,4.83496527854698,0.08000799958989124,0.1081216411550565
-0.9,-0.5,226,9,3.684238450134444,-0.1076857001829449,0.0284368605535312
-1.0,-0.0,226,10,1.9727938432368648,-0.0026536994968154926,-0.1192306102715337
-0.9,0.5,226,11,1.8430268156162088,-0.019007684428840366,0.0116674346383418
-0.5,0.9,226,12,2.667459821428956,0.02741347190342597,-0.0619014087598625
0.0,1.0,227,1,4.281652114312512,0.04998302316918608,0.0413638574917547
0.5,0.9,227,2,4.731551373861048,-0.09524373092700872,-0.0416041477413769
0.9,0.5,227,3,1.37787206666422,-0.014196692104483693,-0.2183093264951194
1.0,0.0,227,4,0.5929787209595643,-0.03018849882072107,-0.0877859901753142
0.9,-0.5,227,5,0.4606898713751277,-0.023654265632783774,-0.1355471363647005
0.5,-0.9,227,6,-0.1066363442250855,-0.06670900557171168,-0.3507995618450241
0.0,-1.0,227,7,-0.5856755522420659,-0.07273937724146466,-0.6793561487917027
-0.5,-0.9,227,8,-0.2513567141304797,-0.03629996631241245,-0.758005862324182
-0.9,-0.5,227,9,0.864923303596427,-0.14151875849373638,-0.6555492890323733
-1.0,-0.0,227,10,0.9850795295075142,-0.017293073168370903,-0.6493563534662471
-0.9,0.5,227,11,2.214535296480788,-0.05610391988315337,-0.7672960449852425
-0.5,0.9,227,12,4.3091531337974525,-0.04362095201694611,-0.7675935937535513
0.0,1.0,228,1,7.605501779368224,0.02638822514850602,-0.3500304639948646
0.5,0.9,228,2,11.39284003718275,0.03568937245892849,-0.146739925690147
0.9,0.5,228,3,9.829452493168615,-0.005664331730799483,0.0413721918474537
1.0,0.0,228,4,7.040428363190789,-0.0035891822824521357,0.0503023004321863
0.9,-0.5,228,5,4.682752570897302,-0.022279860887694757,0.0009187837329055
0.5,-0.9,228,6,3.56332843286096,0.03949134349338789,-0.0790763618378334
0.0,-1.0,228,7,4.8028606818754245,0.0238853467519574,0.1210365754472401
-0.5,-0.9,228,8,3.965003666858888,-0.05768341353026339,0.1947389914861617
-0.9,-0.5,228,9,3.281509519924376,0.0631795581143257,0.2979167021803754
-1.0,-0.0,228,10,3.452906830248337,0.08683013844509485,0.5645731989911316
-0.9,0.5,228,11,3.1631681003170176,-0.00018539587607205874,0.550709905617957
-0.5,0.9,228,12,0.876975200061249,0.12407658719289529,0.6477465017204632
0.0,1.0,229,1,-0.9603107599260108,0.02403621860025241,0.7503161750118548
0.5,0.9,229,2,-3.980628094849361,0.034979698359341296,0.6060825510733572
0.9,0.5,229,3,-5.3004798906738015,0.04299923276617434,0.5894017140663295
1.0,0.0,229,4,-6.66628663464681,0.016632158102066724,0.4428463350772988
0.9,-0.5,229,5,-8.7250683598398,0.014663990844984626,0.3658653841316175
0.5,-0.9,229,6,-8.99932063490851,0.04449209585620791,0.252111808911929
0.0,-1.0,229,7,-8.588069160474584,-0.028345438762515586,0.0923010874118552
-0.5,-0.9,229,8,-6.861347904882033,0.07638812701203072,-0.0223372939138101
-0.9,-0.5,229,9,-4.877248429821424,-0.06764091556388277,-0.174249938463547
-1.0,-0.0,229,10,-5.177295362287794,-0.006254826140333484,-0.5162080336678314
-0.9,0.5,229,11,-4.1159815404988445,0.03871556511894986,-0.4040513006356473
-0.5,0.9,229,12,-2.5029280917835384,-0.08946884073029467,-0.7139823133485279
0.0,1.0,230,1,-1.863202053929916,-0.14053817537888247,-1.06456668824292
0.5,0.9,230,2,0.1521452121699669,-0.07724424543931327,-0.9367450178440504
0.9,0.5,230,3,-0.6709691608243835,-0.1986981785136762,-1.0931485855193337
1.0,0.0,230,4,1.2723891675527848,-0.031908046106378915,-0.8576397374976309
0.9,-0.5,230,5,5.198186469621815,-0.008693341075793665,-0.5361818576417663
0.5,-0.9,230,6,7.790242913131609,-0.05702689263303369,-0.7652698418017695
0.0,-1.0,230,7,7.090350917528619,-0.015036768325344061,-0.7163291578970115
-0.5,-0.9,230,8,6.5159692399792,-0.03558593882834025,-0.5482005014301343
-0.9,-0.5,230,9,5.618219839463602,-0.019379671972581846,-0.0935281580408353
-1.0,-0.0,230,10,4.748544919836339,-0.05525479315032624,-0.0042349494358422
-0.9,0.5,230,11,3.7748366815296266,-0.009236062910874135,0.1004762953817406
-0.5,0.9,230,12,2.923268163550159,-0.03881608809220556,-0.0009115209572981
0.0,1.0,231,1,2.969717387074508,0.07241924620610196,0.0850511275959814
0.5,0.9,231,2,3.321768174458984,-0.028641900992768973,0.4224245812049942
0.9,0.5,231,3,2.162603385125622,0.003156378010256632,0.2647313825202167
1.0,0.0,231,4,0.9401881340769394,0.051719008296791345,0.3859702551774199
0.9,-0.5,231,5,0.5666037640115787,0.06263783534992044,0.3847575289697149
0.5,-0.9,231,6,0.3452762023002696,0.034308453685639714,0.4431867651723196
0.0,-1.0,231,7,-1.1144169478164176,0.07819610087270137,0.5296047506667014
-0.5,-0.9,231,8,-0.5532255417703388,0.05688344061904368,0.7836207212012988
-0.9,-0.5,231,9,-0.2173846083603546,-0.0026120456078060107,0.6697093104520527
-1.0,-0.0,231,10,-0.1879450865830014,0.09687039943532,0.451816541955221
-0.9,0.5,231,11,0.4751636568634157,0.025137294881866144,0.4644481837412403
-0.5,0.9,231,12,-2.043915439775752,-0.08420542528384235,-0.0414686974198082
0.0,1.0,232,1,-2.873745910211513,0.09472435196792951,-0.0672653530146857
0.5,0.9,232,2,0.7167009308553804,0.04805507234033675,0.1214735193121212
0.9,0.5,232,3,3.4646883129418766,0.013753445176133179,0.2146451884945819
1.0,0.0,232,4,2.2191625916882027,0.009911431187462764,0.1285325338490285
0.9,-0.5,232,5,0.3669658141094211,-0.014161304464995163,0.173222533482632
0.5,-0.9,232,6,0.4427357610508927,0.013861789285877224,0.022645704785627
0.0,-1.0,232,7,1.0495737445875994,0.05854390847807717,0.1724887595363335
-0.5,-0.9,232,8,1.2214544763609232,-0.013099478621883806,0.1218420330112849
-0.9,-0.5,232,9,-0.2644445916954253,0.0423300885089707,0.0798601826892867
-1.0,-0.0,232,10,-0.1442241892902337,0.029426197152952933,0.1625594380819547
-0.9,0.5,232,11,0.2849933772237344,0.07584554715479912,0.5575820451622201
-0.5,0.9,232,12,-2.030765182427514,0.04996264783294289,0.3728041550679478
0.0,1.0,233,1,-1.94929105323422,0.16604623045155426,0.7231622528924979
0.5,0.9,233,2,-0.8257826431253049,0.09066885896615595,0.943580765672787
0.9,0.5,233,3,-2.999013937309729,0.024235050782560427,0.827265708271675
1.0,0.0,233,4,-5.622994780214302,0.017284182117786626,0.5000091123458694
0.9,-0.5,233,5,-7.937405484632299,0.06833657021199113,0.3818338656940939
0.5,-0.9,233,6,-8.434350411688365,0.024027548552654914,0.1039272239813274
0.0,-1.0,233,7,-6.397060780739634,0.07110105646816461,0.3140157167744618
-0.5,-0.9,233,8,-5.346645174905452,0.08186869065462815,0.2583913493872112
-0.9,-0.5,233,9,-4.481860747478015,-0.012304871956560513,0.1081122734125162
-1.0,-0.0,233,10,-5.297391284854221,0.049065160765181075,0.0658469072484691
-0.9,0.5,233,11,-3.7808162112479775,0.0402678733627572,0.0452104352372503
-0.5,0.9,233,12,-3.168362986754331,0.02653664712196812,0.0151846466028916
0.0,1.0,234,1,-2.887987882993468,-0.009328367800261205,-0.1615797508482507
0.5,0.9,234,2,-1.2674684127043516,-0.007435831976373538,-0.0657311573516922
0.9,0.5,234,3,-1.1824011146186015,-0.023000612546418518,0.0172684787256873
1.0,0.0,234,4,-0.4342712547737934,0.00584038712124933,0.0670326473392528
0.9,-0.5,234,5,-0.2243143708136855,0.03092201484825279,0.1247211626741837
0.5,-0.9,234,6,0.2533749839519706,0.05855536033034385,0.0162489965935603
0.0,-1.0,234,7,-0.1819258233470795,0.025526774606056353,0.4056234849849677
-0.5,-0.9,234,8,-3.9566567457520487,-0.0020335404318483734,0.2723048482696485
-0.9,-0.5,234,9,-4.290731268043879,0.02227206359472371,0.3595748300779532
-1.0,-0.0,234,10,-4.142356852789629,0.021267604067992954,0.3114374114947377
-0.9,0.5,234,11,-4.618439375559317,-0.019775058340865275,0.2827564235615883
-0.5,0.9,234,12,-6.223351267107162,0.0008381292338681948,-0.013362620122724
0.0,1.0,235,1,-6.865976575658823,-0.11390973117554755,-0.3991499923718437
0.5,0.9,235,2,-7.002684278713317,-0.05098223077930965,-0.561163144605447
0.9,0.5,235,3,-3.669414495536671,0.0009452845912314536,-0.2631112979284094
1.0,0.0,235,4,0.8153777415074469,-0.00830128089065666,-0.288096986231225
0.9,-0.5,235,5,1.2356747308080702,0.03192520575298758,-0.1693675403426952
0.5,-0.9,235,6,0.6746387719351139,-0.004206938087665155,-0.2522442084775678
0.0,-1.0,235,7,1.496756345031095,0.04901291785358185,-0.1216602136875984
-0.5,-0.9,235,8,2.1342098194514203,0.017645956416947325,-0.0052511500981355
-0.9,-0.5,235,9,2.788888064667763,0.0076505286628032335,0.1610238193190351
-1.0,-0.0,235,10,1.9061238229502293,-0.020837333513214432,0.0583371105971685
-0.9,0.5,235,11,0.7671206904920993,0.006530393031104024,0.279917850741473
-0.5,0.9,235,12,0.7648372945004787,0.05779591001145651,0.3597341211838501
0.0,1.0,236,1,-1.0424379184531485,-0.1439786981831874,0.1469351150181954
0.5,0.9,236,2,-2.983569137964692,0.017124487084086027,-0.3188533366620446
0.9,0.5,236,3,-2.075068994945448,-0.07302633949879088,-0.3849182316879878
1.0,0.0,236,4,-2.6863934521421324,0.01703087777285394,-0.1174283409859833
0.9,-0.5,236,5,-2.4591407057029406,-0.017784628593792994,-0.1129701843988253
0.5,-0.9,236,6,-3.375541249261748,-0.10860700906216426,-0.4091432818594985
0.0,-1.0,236,7,-3.929367692850748,-0.030689075809127594,-0.5683336024695188
-0.5,-0.9,236,8,-3.701584601740038,-0.12780097961323922,-0.828719300597614
-0.9,-0.5,236,9,-3.827598003567081,-0.10726094799821806,-0.8244859168671421
-1.0,-0.0,236,10,-3.542395437816974,-0.11242291268794151,-0.93580772228132
-0.9,0.5,236,11,-1.9993575652640567,0.005119163967566924,-0.8364482075302246
-0.5,0.9,236,12,1.5207167586416188,0.021912138321819923,-0.5557017538127783
0.0,1.0,237,1,3.859439868137124,-0.09685882740712103,-0.5820292898595761
0.5,0.9,237,2,4.766145556706136,-0.014512108635956256,-0.4278743969715425
0.9,0.5,237,3,6.401500912416307,-0.04954360345446382,-0.4938809495099379
1.0,0.0,237,4,6.873454387625875,-0.04255764266865457,-0.6138425079182468
0.9,-0.5,237,5,6.701615820053048,0.016649781073303435,-0.5475625446896814
0.5,-0.9,237,6,6.942065503490104,0.05462027417369034,-0.0946157767428844
0.0,-1.0,237,7,5.646666188001846,-0.0028440118763622237,-0.1478719064731873
-0.5,-0.9,237,8,4.753161228298536,0.07380729649470837,0.1983662207548255
-0.9,-0.5,237,9,4.186980535378785,0.009975646243384593,0.4142767144793698
-1.0,-0.0,237,10,3.233202992484236,0.07280926014527642,0.6707058682626942
-0.9,0.5,237,11,1.8237953886213945,0.01436113674066052,0.9268027401451716
-0.5,0.9,237,12,-0.91686747714143,0.04483338122159255,0.7134636762308112
0.0,1.0,238,1,-4.224056028027066,0.08572812654054253,0.7596570852049467
0.5,0.9,238,2,-5.127823920747377,0.1561192231552546,0.8660555660399806
0.9,0.5,238,3,-5.530530739639371,0.10047371671196378,1.2195104275583382
1.0,0.0,238,4,-6.931018077247372,0.08668579617221413,0.9334184204670878
0.9,-0.5,238,5,-9.033776500973886,0.07966926127157273,0.5914258592158402
0.5,-0.9,238,6,-8.893367785859953,0.1360884954361785,0.6276987966315575
0.0,-1.0,238,7,-9.85139655349241,0.0469767275279252,0.5671391442250797
-0.5,-0.9,238,8,-10.57889077619664,0.056570900951093774,0.3058043195553834
-0.9,-0.5,238,9,-10.06023130887676,-0.042010140712636555,-0.0325222862301721
-1.0,-0.0,238,10,-10.078071819513951,0.0075891311382310376,-0.3471815690657157
-0.9,0.5,238,11,-10.350794239086255,-0.007501096022932679,-0.4097546258403527
-0.5,0.9,238,12,-10.517350757499278,-0.11953610922284649,-0.6492418445089965
0.0,1.0,239,1,-11.156575823751886,-0.13987130149716367,-1.0874247228452858
0.5,0.9,239,2,-9.479104400687504,-0.19111480726617647,-1.2210777383846982
0.9,0.5,239,3,-9.134783841869574,-0.13736020376006794,-1.1626852920927389
1.0,0.0,239,4,-4.967516247123348,-0.15036493690990843,-1.064521135976479
0.9,-0.5,239,5,-0.3647211927318373,-0.042011449140064085,-1.1529970014461166
0.5,-0.9,239,6,2.11665862938205,-0.11557541976157173,-1.4645823455412883
0.0,-1.0,239,7,3.282155915896992,-0.07347049216355295,-1.634109102577355
-0.5,-0.9,239,8,4.776840529960519,-0.07303644593779549,-1.4376804868657342
-0.9,-0.5,239,9,5.119492736094702,-0.18762860717931676,-1.118271403467988
-1.0,-0.0,239,10,4.761388899499034,-0.11891250892079945,-1.0019755680795723
-0.9,0.5,239,11,3.8971987105030585,-0.09864553318223379,-1.1628711356427837
-0.5,0.9,239,12,6.895057103273071,-0.08586115405588497,-0.8419217926198909
0.0,1.0,240,1,9.42005833296906,-0.08587789259241596,-0.748430715507944
0.5,0.9,240,2,9.961126270778871,-0.05548035559704809,-0.5045396372557628
0.9,0.5,240,3,9.376127676210777,-0.06232204093652049,-0.5758537522799183
1.0,0.0,240,4,9.28102098000564,0.019425321264629907,-0.2917165254907432
0.9,-0.5,240,5,8.42191691616584,-0.03465957511885012,-0.3126041717840595
0.5,-0.9,240,6,7.197559777841974,0.05866141306798638,-0.1788743442959114
0.0,-1.0,240,7,6.113628771025157,-0.07372350366672763,-0.1374153627509608
-0.5,-0.9,240,8,3.6951030952116737,-0.09496632576877792,-0.3336471883581856
-0.9,-0.5,240,9,3.7968156786582,0.05874453195371821,-0.1903106337958468
-1.0,-0.0,240,10,4.449444478829906,-0.053458770816156125,0.0025647558665269
-0.9,0.5,240,11,4.20021719948404,0.047896085093285086,0.1936866088115318
-0.5,0.9,240,12,2.368440011695396,-0.04752356755003624,-0.0247966813337931
0.0,1.0,241,1,2.581138516669276,-0.0467010201635926,-0.0338258466951379
0.5,0.9,241,2,2.842690200968818,-0.03691793163761074,-0.0961009144377628
0.9,0.5,241,3,4.098229795112319,0.04970250499029071,0.1573217303011778
1.0,0.0,241,4,5.450135531495119,0.1024125136388665,0.107678071441646
0.9,-0.5,241,5,3.2824580700107098,0.06497071174185283,0.241439508820159
0.5,-0.9,241,6,1.033970973307304,0.1941302421714184,0.4338917225333737
0.0,-1.0,241,7,0.2120122769819693,0.0573263925960184,0.7810364810761081
-0.5,-0.9,241,8,-0.8857029784626982,0.1073049590738625,0.9157527573449008
-0.9,-0.5,241,9,-2.063112864610383,0.048197821980065676,0.963469129083264
-1.0,-0.0,241,10,-1.7612893683769206,0.060314804867963555,0.9729980877913188
-0.9,0.5,241,11,-2.1904878929503697,0.13128324673130695,0.8556547453452715
-0.5,0.9,241,12,-4.406040982916245,-0.0002119439951230431,0.6267289658635732
0.0,1.0,242,1,-7.127481491138044,0.08481304353184249,0.33812569933925
0.5,0.9,242,2,-9.001087177295343,-0.07087856351269617,0.204331687570673
0.9,0.5,242,3,-9.39165633127735,-0.024650428310545695,0.2722135393315505
1.0,0.0,242,4,-9.311668345831029,0.031204744751285696,0.3878621976553377
0.9,-0.5,242,5,-7.926295549631003,0.000229416336350936,0.2726251576814379
0.5,-0.9,242,6,-7.339013513077808,-0.06638888881716776,-0.1849696771162762
0.0,-1.0,242,7,-5.992058400647313,-0.019200757979915852,-0.5309640908239454
-0.5,-0.9,242,8,-1.982232018073687,0.01736151513487793,-0.5864176929028895
-0.9,-0.5,242,9,-0.292993204421006,-0.006003553627084608,-0.5093486712166544
-1.0,-0.0,242,10,0.0084965696447444,-0.04489400166581987,-0.5451716192559922
-0.9,0.5,242,11,-0.4645636264407166,-0.06486043988984383,-0.6038079986966054
-0.5,0.9,242,12,0.3657110946290232,-0.08728195108927103,-0.7506096739201918
0.0,1.0,243,1,0.7007785101982739,-0.1668912668041556,-0.9284975940327568
0.5,0.9,243,2,1.6466976995648817,-0.0797119158045195,-0.9574456678559212
0.9,0.5,243,3,4.371219506175028,-0.004727092322193932,-0.5669035242900384
1.0,0.0,243,4,7.612706551868064,-0.024730879720669532,-0.3344541100397458
0.9,-0.5,243,5,7.4204404225796,-0.025684624615042933,-0.4422440275476592
0.5,-0.9,243,6,7.445087858909869,-0.008916455175495048,-0.595532070920548
0.0,-1.0,243,7,6.650114428386347,0.01472239849506117,-0.4775520027228177
-0.5,-0.9,243,8,5.643091149296996,0.008601069751813038,-0.3821870509718307
-0.9,-0.5,243,9,6.673870118534572,0.033343809859981074,0.0048285140915217
-1.0,-0.0,243,10,5.097862268947937,-0.016862577807374875,0.2149275666154741
-0.9,0.5,243,11,2.72011645476848,0.01875573500547169,0.3038402338649434
-0.5,0.9,243,12,0.8033150045391747,0.04285841326001456,0.2901333896521028
0.0,1.0,244,1,-0.2038550739152426,0.03852223194073086,0.3560849653882413
0.5,0.9,244,2,-1.8923294103454256,0.030651167863109025,0.3512455412317175
0.9,0.5,244,3,-4.168308958953437,0.027052599204279163,0.3687729659215781
1.0,0.0,244,4,-4.457748366872015,0.047532047623167865,0.4763600816625769
0.9,-0.5,244,5,-4.96672865401622,0.06336117141702594,0.5354076594322965
0.5,-0.9,244,6,-3.2975411326924915,0.037620644542735254,0.4276896081097678
0.0,-1.0,244,7,-3.72927856563906,-0.08947472257923601,0.2348400486639144
-0.5,-0.9,244,8,-4.867875862190403,-0.03902944518075536,-0.2534308415718527
-0.9,-0.5,244,9,-3.842529778027071,0.004410553040974712,-0.2518198817422582
-1.0,-0.0,244,10,-3.0276148607935114,-0.020253456012380832,-0.2367718641159219
-0.9,0.5,244,11,-2.8967433343167337,-0.03146956293483807,-0.4979031323843998
-0.5,0.9,244,12,-2.6069867895405463,-0.04864844501407074,-0.6114225555895112
0.0,1.0,245,1,-0.3701347939531895,-0.12198820368137525,-0.4849268295318591
0.5,0.9,245,2,0.4870518550923494,0.017438119688015653,-0.5418373080617278
0.9,0.5,245,3,3.490475648185531,-0.014168038908039582,-0.3940864662077248
1.0,0.0,245,4,3.376294418819993,-0.026317386304983727,-0.2764325506493612
0.9,-0.5,245,5,1.139561238265743,0.019177540072699496,-0.3114526634845941
0.5,-0.9,245,6,0.5531816072870879,0.04217885986558943,-0.2541122612058122
0.0,-1.0,245,7,0.5147600213571641,0.007858772472671837,-0.3330477091199086
-0.5,-0.9,245,8,0.0917498937979835,0.014743235264766601,-0.2596576484349762
-0.9,-0.5,245,9,-0.4364426235680185,-0.06801837018400807,-0.1900897803186271
-1.0,-0.0,245,10,-0.7314379142795797,-0.06711145571408554,-0.5749585025205244
-0.9,0.5,245,11,-0.7445095360500045,-0.02462147148268321,-0.7367615593325715
-0.5,0.9,245,12,1.6152818929504644,0.06114563608366595,-0.5392716283767011
0.0,1.0,246,1,5.077903429603426,-0.007058430106891937,-0.3700651695243772
0.5,0.9,246,2,6.8275704000187005,-0.06367955660342482,-0.5093303488377883
0.9,0.5,246,3,6.331273531952727,-0.08005105049252262,-0.6366696140194315
1.0,0.0,246,4,5.453348830201486,-0.07468501331554082,-0.6261684334444982
0.9,-0.5,246,5,4.226400822991698,-0.02272657418840226,-0.626543779620733
0.5,-0.9,246,6,3.996091652955772,-0.008408223523709424,-0.603334829758498
0.0,-1.0,246,7,2.838441253588381,-0.0735273923814618,-0.66392154239696
-0.5,-0.9,246,8,-0.0777244954470385,-0.1495133381765938,-0.889528725564278
-0.9,-0.5,246,9,-1.4077443876583786,-0.12226154777766975,-1.0022646024736666
-1.0,-0.0,246,10,-1.1029967666183589,-0.05550759477455481,-1.0062043756115946
-0.9,0.5,246,11,-0.5259108945296584,-0.09417260440317408,-1.0188327989916022
-0.5,0.9,246,12,0.0435280446003836,-0.11635984799180267,-1.0104748694271737
0.0,1.0,247,1,1.4451721090849152,-0.13152227606064656,-0.9044348336521956
0.5,0.9,247,2,2.226460590924233,-0.21052748870399662,-1.0808565346540595
0.9,0.5,247,3,0.2832243106704385,-0.13234920038111672,-1.0035098841523755
1.0,0.0,247,4,3.068720381568057,-0.0987175365099501,-0.8864626812424294
0.9,-0.5,247,5,5.092022274105083,-0.05986949469362273,-0.8767876625205784
0.5,-0.9,247,6,7.003337540554926,-0.04244166951938717,-0.7355126275147902
0.0,-1.0,247,7,6.491938186396326,-0.141849245457785,-0.7702687184326642
-0.5,-0.9,247,8,5.210026896156941,-0.12468693299573916,-0.7305268540558554
-0.9,-0.5,247,9,4.1182909271557335,-0.15499584572483943,-0.6472652017741695
-1.0,-0.0,247,10,2.566592276687672,-0.09191367292423483,-0.8134631403575334
-0.9,0.5,247,11,3.692812709442338,-0.008459733669846538,-0.6198485678916463
-0.5,0.9,247,12,5.907373549460462,-0.15404679530944781,-0.7976935954048908
0.0,1.0,248,1,5.295261635539173,-0.2518049705613515,-0.9614782027493872
0.5,0.9,248,2,3.1371673401559987,-0.17123034973826246,-1.1324467181140472
0.9,0.5,248,3,2.017966548921348,-0.224400432813888,-1.225681615117836
1.0,0.0,248,4,2.7714097230309727,-0.1461303015882753,-1.2604449155058113
0.9,-0.5,248,5,4.730113658306688,-0.10313150165695208,-1.1789773083106978
0.5,-0.9,248,6,5.711440376558824,-0.1311759620470838,-1.1601587656175352
0.0,-1.0,248,7,6.123920336904647,-0.13853049084370953,-1.141274892585882
-0.5,-0.9,248,8,5.712509188985921,-0.13133393002744298,-1.0467554707970548
-0.9,-0.5,248,9,5.184812421567321,-0.17124879447319055,-0.997511480611204
-1.0,-0.0,248,10,6.337974545692017,-0.045898086796271644,-0.8426376521346348
-0.9,0.5,248,11,7.674208911714389,-0.06291729282690717,-0.5722803712623753
-0.5,0.9,248,12,9.314867773151368,-0.07478908921308078,-0.4810960326175776
0.0,1.0,249,1,9.848154424155982,-0.08620833467747058,-0.3659975604169907
0.5,0.9,249,2,10.515405244109704,0.03748835649377032,-0.2387078693248724
0.9,0.5,249,3,10.76717235140174,-0.05124425037322805,-0.2376611140167034
1.0,0.0,249,4,9.63947592585862,0.0044032835437656,-0.1523023674559515
0.9,-0.5,249,5,8.212478636813659,-0.010677880075400124,-0.0479836945457587
0.5,-0.9,249,6,6.353526406257753,-0.025879310951293318,-0.3145947365064186
0.0,-1.0,249,7,5.060996902191846,-0.05792897569034083,-0.330126000628667
-0.5,-0.9,249,8,4.551946372977787,-0.02462329865861865,-0.324874927173464
-0.9,-0.5,249,9,5.222549363399552,-0.03218652770791179,-0.1808230392620236
-1.0,-0.0,249,10,5.223555063005417,-0.04092271583602199,-0.2008712202429871
-0.9,0.5,249,11,5.865827568267508,0.018076139150560555,-0.1156777053484071
-0.5,0.9,249,12,5.238527492757868,-0.0614306981741275,-0.2351284370804814
0.0,1.0,250,1,5.535022265764903,0.04750346501145632,-0.0730839059709249
0.5,0.9,250,2,5.858667756325286,-0.07936659850385733,-0.0998385776091041
0.9,0.5,250,3,3.6134084451272863,0.007988099010137662,0.0422599049149205
1.0,0.0,250,4,3.2816339587095893,-0.013615005801686227,0.0278029500845304
0.9,-0.5,250,5,3.384906156912069,0.04391723359991409,0.3301745182059785
0.5,-0.9,250,6,3.241323089221168,0.0844853033768227,0.2928809846474637
0.0,-1.0,250,7,3.035753100561544,0.1000647437156495,0.5926765116076481
-0.5,-0.9,250,8,3.403559028259665,0.012527312991130836,0.5569746514940972
-0.9,-0.5,250,9,3.684801942583066,0.008852188615740374,0.6263287826761506
-1.0,-0.0,250,10,3.841421383539148,0.07302736019748758,0.5006083983075234
-0.9,0.5,250,11,3.412129032303667,0.03568241884440113,0.335092361204805
-0.5,0.9,250,12,2.179790913430982,-0.00595947978706227,0.3239271482594769
0.0,1.0,251,1,0.4025511961592772,0.04494498509407652,0.2502058024266292
0.5,0.9,251,2,-0.7024981246814407,0.05335766066854684,0.5725944478396103
0.9,0.5,251,3,-0.6476315670084029,0.024693523132969172,0.5745656159617775
1.0,0.0,251,4,-2.637226580577778,0.028135581734033906,0.521297826113244
0.9,-0.5,251,5,-3.5676416326352984,0.036269209457012945,0.4472893293318527
0.5,-0.9,251,6,-2.718073472909766,0.03998756726777092,0.3229447787411483
0.0,-1.0,251,7,-1.97892092471068,-0.03794771774401497,0.1719913342643076
-0.5,-0.9,251,8,-2.947617290061923,-0.04821320869219308,-0.136689344671956
-0.9,-0.5,251,9,-2.070024524763021,-0.03781837759502149,-0.4194768845641695
-1.0,-0.0,251,10,-0.7881727950988073,-0.015142789583260747,-0.5734498893984925
-0.9,0.5,251,11,-0.6403881965814809,-0.0625482535170802,-0.6471518940959011
-0.5,0.9,251,12,1.0279488298398065,-0.06645746222041389,-0.5940920070092214
0.0,1.0,252,1,1.6691021558417596,-0.07197465887533977,-0.6386618100707541
0.5,0.9,252,2,3.63232269466547,-0.03846982180264497,-0.4721679830123096
0.9,0.5,252,3,3.834933220872303,-0.03459964412479607,-0.2442227975623447
1.0,0.0,252,4,3.8246537078187415,-0.030411330006459694,-0.3123776228873134
0.9,-0.5,252,5,3.3980088479404587,-0.018170170759496212,-0.1687124004322585
0.5,-0.9,252,6,2.613148107239504,-0.0006486742078595037,-0.1550760137776339
0.0,-1.0,252,7,1.3229076095022485,-0.10673229550342207,-0.2937041991691273
-0.5,-0.9,252,8,-0.6011850882721527,-0.11888061563964646,-0.675922706482351
-0.9,-0.5,252,9,-1.034714095905546,-0.046609173828081794,-0.7093969172315341
-1.0,-0.0,252,10,0.7665494444877367,-0.1010514849696482,-0.6523137851799594
-0.9,0.5,252,11,0.3952153491717612,-0.08772769719521621,-0.6864919618724429
-0.5,0.9,252,12,1.4644501857955232,-0.1369460711195952,-0.6196370290899949
0.0,1.0,253,1,0.0957393476291653,-0.17040150786431876,-0.86543921840175
0.5,0.9,253,2,1.1323024853880748,-0.08211968968311525,-0.7372627554505655
0.9,0.5,253,3,2.9298925817497854,-0.10131659939432631,-0.7359281575208942
1.0,0.0,253,4,5.906601246904577,-0.04697063278052657,-0.5754098482154548
0.9,-0.5,253,5,6.424747451422381,0.004533660471632326,-0.5096603446981564
0.5,-0.9,253,6,6.321019637256439,-0.02209492575602131,-0.3312484872851066
0.0,-1.0,253,7,5.033775372275412,-0.03805724702463101,-0.5238103153481274
-0.5,-0.9,253,8,5.297840471169022,-0.03523190091876791,-0.3638149547832677
-0.9,-0.5,253,9,4.712896128859484,-0.07305174307981344,-0.1314164249696252
-1.0,-0.0,253,10,3.3319342777180188,-0.07542970154593832,-0.046576624657846
-0.9,0.5,253,11,3.335158789261124,-0.03418128902255938,-0.059593034609676
-0.5,0.9,253,12,4.2346868198391086,-0.06656440990701956,-0.0339843132152168
0.0,1.0,254,1,6.159105528957819,0.050115205105766225,0.2195290680905078
0.5,0.9,254,2,8.27604888258571,-0.05397727200774285,0.1683075902139088
0.9,0.5,254,3,6.11126825248555,-0.01843756813842873,0.2161192735709018
1.0,0.0,254,4,4.946990148407587,0.003924895541023737,0.2224962622542046
0.9,-0.5,254,5,6.040458601726394,0.04358045320143465,0.3815198805960823
0.5,-0.9,254,6,6.816512944472708,-0.0037510311636464767,0.3699646832243873
0.0,-1.0,254,7,3.910885805140601,-0.04291200925416914,0.3482547756778149
-0.5,-0.9,254,8,3.9658638801799233,0.06151885307641909,0.5135335430174431
-0.9,-0.5,254,9,6.345386259119647,0.013433426016704273,0.6767083248118033
-1.0,-0.0,254,10,5.763506844775969,-0.033428248600814954,0.4487840237072991
-0.9,0.5,254,11,4.8247226792395965,0.058386412711702175,0.3939020107526181
-0.5,0.9,254,12,4.476451437152802,0.004179040392688424,0.3019345715466098
0.0,1.0,255,1,5.576277286762928,0.04030830291635217,0.3654727989757246
0.5,0.9,255,2,7.37377884007951,0.029037990152965248,0.4314575701456035
0.9,0.5,255,3,7.524201836051485,0.1414528045925819,0.6732020790044299
1.0,0.0,255,4,7.624562477790408,0.10739459755193567,1.060730119684587
0.9,-0.5,255,5,5.267410972107189,0.11775213726039395,1.145830481248377
0.5,-0.9,255,6,4.008402419418812,0.11135038455050154,1.1090085200978017
0.0,-1.0,255,7,1.5534940553317858,0.05800087356784604,1.0630067287709746
-0.5,-0.9,255,8,1.5676741945377677,0.1371220702183806,1.157831371108753
-0.9,-0.5,255,9,-0.2021979169686317,-0.0011357681990407317,0.8259527618189297
-1.0,-0.0,255,10,-0.9911198495358032,0.11755406814579568,0.7243123698419704
-0.9,0.5,255,11,-0.8426165179193207,0.0707528883053879,0.7460440995776842
-0.5,0.9,255,12,-1.7535432218700475,0.07728740224456883,0.8324991249316918
0.0,1.0,256,1,-4.909364042796157,0.06551649938252162,0.6794029732247737
0.5,0.9,256,2,-9.035400552616238,-0.014346800269880744,0.3926607128579797
0.9,0.5,256,3,-10.663036228992246,0.017902030568882128,0.4624057924887224
1.0,0.0,256,4,-10.440960671170684,-0.03816857297430042,0.1994614988223623
0.9,-0.5,256,5,-11.200451800480884,-0.0017055856330738936,0.1579192803395725
0.5,-0.9,256,6,-9.600252753439912,-0.01538654631671993,-0.1137293960271504
0.0,-1.0,256,7,-7.44256579842847,-0.05914064328876616,-0.4877387202226451
-0.5,-0.9,256,8,-4.677196507446673,0.019663144623362716,-0.4599145774888275
-0.9,-0.5,256,9,-2.5427272058728554,-0.028992805485954048,-0.3459054627671845
-1.0,-0.0,256,10,-2.026022248301681,0.017079628203093316,-0.4060456924316716
-0.9,0.5,256,11,-1.5672882919311817,0.024817348164269754,-0.1769477812140718
-0.5,0.9,256,12,-0.8673409724843713,-0.10408576203874167,-0.4576613292662077
0.0,1.0,257,1,-2.59893926144966,-0.11320525511920587,-0.6375060310367666
0.5,0.9,257,2,-1.447406038825829,-0.02642218382512884,-0.3776058669636396
0.9,0.5,257,3,0.1595716580460449,-0.08653904134410964,-0.2520620316463393
1.0,0.0,257,4,0.5464228442776714,-0.022409503869036704,-0.1873846418849891
0.9,-0.5,257,5,0.3506682773464127,-0.05711063554292952,-0.3199481921336936
0.5,-0.9,257,6,0.3245473016061811,0.028404782894342732,-0.1879794524536053
0.0,-1.0,257,7,1.6489503457207737,0.027121426388044708,-0.0384153130042207
-0.5,-0.9,257,8,2.979917182219065,0.03804767050360908,0.0555886355504912
-0.9,-0.5,257,9,3.732792804829245,-0.04064461677870409,0.1950468848854865
-1.0,-0.0,257,10,2.6745711516605097,-0.11184284732328273,-0.0702156419829291
-0.9,0.5,257,11,0.3272879632068516,0.026818106799395065,-0.3768023634089097
-0.5,0.9,257,12,3.109927377676036,0.12628815279261418,0.2100757017123146
0.0,1.0,258,1,4.0460705708536295,-0.026410050371997392,0.0775886843775272
0.5,0.9,258,2,2.0157899993772124,-0.039971027934673685,-0.107291926340239
0.9,0.5,258,3,2.698563424423684,-0.02001558957745442,-0.1955796816203526
1.0,0.0,258,4,4.623011567074425,0.0280330402676723,0.0298204166828626
0.9,-0.5,258,5,6.299646889194459,0.032346917175464784,0.1721381809555443
0.5,-0.9,258,6,5.388725396048482,0.0308487139043586,-0.1663394194621317
0.0,-1.0,258,7,6.5830988143843685,0.08835358772968928,0.0550067637831585
-0.5,-0.9,258,8,7.3441024055428095,0.02421587676104195,0.2726873707603741
-0.9,-0.5,258,9,5.638677237275525,0.023506059244312948,0.2568840206051339
-1.0,-0.0,258,10,5.534639980442097,0.08349048813174385,0.6674963021242608
-0.9,0.5,258,11,5.041308851201375,-0.019731465837129262,0.3906009223289163
-0.5,0.9,258,12,2.9800418704380864,0.041455984903405525,0.3718306386972212
0.0,1.0,259,1,0.6719245964205474,0.0009613398943998214,0.2968289569226881
0.5,0.9,259,2,-1.2431319703334265,0.006941181966817241,0.2528556124853844
0.9,0.5,259,3,-1.04436356501236,0.029039023413532056,0.3671022153866229
1.0,0.0,259,4,1.1647310912368842,0.02552955771819659,0.1176318176968619
0.9,-0.5,259,5,1.933363694697232,0.0359338952248009,0.3206482858512349
0.5,-0.9,259,6,1.815382077758935,0.07598368997156314,0.4833897709621369
0.0,-1.0,259,7,2.6711082401957427,0.10878928931128845,0.4319379484996708
-0.5,-0.9,259,8,2.904193904807697,0.04156420558432324,0.7477502039756969
-0.9,-0.5,259,9,2.38983765803842,0.07895779999181886,0.6845094229924746
-1.0,-0.0,259,10,1.977662099787442,0.1231225455588327,0.8678246642167192
-0.9,0.5,259,11,2.735984963621512,0.1251615084280256,0.9982368100360928
-0.5,0.9,259,12,1.8086668894654805,0.10101357297163176,0.994571354353652
0.0,1.0,260,1,-1.6320485419656652,-0.011892551466029447,0.9008085579059592
0.5,0.9,260,2,-4.147340677615618,0.11360666334576461,0.6880122090842993
0.9,0.5,260,3,-2.589672233209076,0.10858256385935451,0.8144515392454527
1.0,0.0,260,4,-3.053369754857283,0.06968071749346047,0.7546769417944335
0.9,-0.5,260,5,-3.519918438543619,0.16690987790443415,1.033371467507296
0.5,-0.9,260,6,-2.773913234495336,0.13101218072477372,0.944958413683281
0.0,-1.0,260,7,-2.500792778738868,0.10723467027376704,1.1900222388195714
-0.5,-0.9,260,8,-3.880738175637198,0.0029888120084179525,1.3889233160200434
-0.9,-0.5,260,9,-7.340273667511669,-0.01881118238040781,0.9837401674219736
-1.0,-0.0,260,10,-7.824074145428353,0.054337702853441326,0.7148997379213643
-0.9,0.5,260,11,-8.280702859636042,0.0027346107799664588,0.4154342626690265
-0.5,0.9,260,12,-10.069633391896511,-0.0014369186947896888,0.1005465769259825
0.0,1.0,261,1,-11.065454338634629,-0.01386323649039367,0.0002334089657174
0.5,0.9,261,2,-9.291898350934074,-0.01955028979847906,0.0946667647768767
0.9,0.5,261,3,-6.640147734608619,-0.0187493689945149,0.1290304389424704
1.0,0.0,261,4,-3.219172954954358,0.04970096007148363,0.3260118210122245
0.9,-0.5,261,5,-2.3844396103619125,-0.00391303853702883,0.2266311331578188
0.5,-0.9,261,6,-2.252622382160809,0.01957450428297806,0.1859449586811604
0.0,-1.0,261,7,-2.0413495309707383,-0.005508488200557965,-0.1129151876932311
-0.5,-0.9,261,8,-2.603964248640043,-0.05805262306717435,-0.2063344584689633
-0.9,-0.5,261,9,-2.581922859746199,0.024653951150292203,-0.4094633714007851
-1.0,-0.0,261,10,-0.4911717865651072,0.04542630619681333,0.2230703737566246
-0.9,0.5,261,11,-1.1027036676834852,-0.06771476015233893,-0.1900936392147309
-0.5,0.9,261,12,-1.938798734024376,0.016079761116202893,-0.3669850232721797
0.0,1.0,262,1,-1.2609318171995327,-0.05301241560570867,-0.3746611039451576
0.5,0.9,262,2,-1.07350234138011,-0.02298261511207365,-0.2469600721909862
0.9,0.5,262,3,0.9084106755515876,-0.08390516405811238,-0.3118900549162042
1.0,0.0,262,4,0.6282055405581609,-0.005535940864909306,-0.4004939389929498
0.9,-0.5,262,5,2.556740890222112,0.04521938832610215,-0.0044182261537345
0.5,-0.9,262,6,2.9950946480035374,-0.013214634897920848,-0.2112836109399145
0.0,-1.0,262,7,2.9548962492077355,0.025728011398498684,-0.0708743563144146
-0.5,-0.9,262,8,3.3355428300806067,0.003690102217381229,0.4805199048145805
-0.9,-0.5,262,9,2.057426450780195,0.0070278662701132,0.4286077495094161
-1.0,-0.0,262,10,2.7699667613557706,0.02219012754684249,0.5817696470700452
-0.9,0.5,262,11,1.857823555925324,0.058982731615515094,0.2734794813327632
-0.5,0.9,262,12,0.8512162614892809,0.01796028059449837,0.3716654283578715
0.0,1.0,263,1,0.2900139913040714,0.10058572077496435,0.2997488184146397
0.5,0.9,263,2,0.8519358012681978,0.016619613358236283,0.3650727460363131
0.9,0.5,263,3,0.9050599710045047,0.01570373834181024,0.2423869010663504
1.0,0.0,263,4,0.273871846641843,0.03535304493786773,0.2003973196511012
0.9,-0.5,263,5,-1.1327805188947586,0.06785331954224604,0.2939040996798562
0.5,-0.9,263,6,-1.3288562221590043,0.15385942645279363,0.4209243928525916
0.0,-1.0,263,7,-1.89381844126581,0.018983726888611538,0.6369341307657017
-0.5,-0.9,263,8,-4.475189020299189,0.031107211441813134,0.6250239287080223
-0.9,-0.5,263,9,-5.465641813502555,0.013940896737704453,0.5410621798027099
-1.0,-0.0,263,10,-3.856500525410739,0.07091288687397684,0.5775214320742028
-0.9,0.5,263,11,-4.44307780773764,0.0675457558283147,0.447268752792085
-0.5,0.9,263,12,-6.946184406208883,0.05365739723435271,0.2340485498498953
0.0,1.0,264,1,-7.674298159136202,-0.03530528208498903,0.237191434858113
0.5,0.9,264,2,-6.610352354254906,0.07855633569850164,0.4263619201136778
0.9,0.5,264,3,-6.337730376673552,-0.05332865378313924,0.0962629426566498
1.0,0.0,264,4,-7.172839055693492,-0.0001004788908612252,0.0477856718999971
0.9,-0.5,264,5,-7.334987679457652,0.021856905753572842,0.0912733624561275
0.5,-0.9,264,6,-5.785725837679232,0.07932552949231021,0.0463649375991904
0.0,-1.0,264,7,-2.890805713922431,0.016143207698795462,0.1446035030407023
-0.5,-0.9,264,8,-2.850356305572818,0.04156672937051528,0.1234945691232445
-0.9,-0.5,264,9,-3.3741698856575346,-0.04368176641076955,0.0280299267032361
-1.0,-0.0,264,10,-4.111906867317433,0.08838523787901797,0.1068208965086806
-0.9,0.5,264,11,-2.2007776068312195,0.004618433185179053,0.3113068157949769
-0.5,0.9,264,12,-2.041222825885149,0.07026052836647961,0.1126828021571219
0.0,1.0,265,1,-3.311907094435658,0.02045376387232334,0.126194491227525
0.5,0.9,265,2,-6.204265744497019,-0.06725006739652849,-0.1178044650704183
0.9,0.5,265,3,-7.378416950992427,0.00022726541223046047,0.0543434417113011
1.0,0.0,265,4,-5.912396235008068,-0.05570259673794025,0.0624749288523204
0.9,-0.5,265,5,-5.159357088077018,0.014765697804070376,-0.0709974100388687
0.5,-0.9,265,6,-4.06740374361745,-0.0007286439953291406,-0.0932742090010986
0.0,-1.0,265,7,-2.7342237113027017,0.022378250092453193,-0.0378878281220467
-0.5,-0.9,265,8,-0.9359585386247256,0.02875783672860566,0.2610975488780089
-0.9,-0.5,265,9,-0.1752360250790187,-0.010771467207279617,0.3147027585675268
-1.0,-0.0,265,10,0.244330918400074,0.03556643949391892,0.4127176479905342
-0.9,0.5,265,11,-0.4609835281191625,-0.05193160523570221,0.2487325403608926
-0.5,0.9,265,12,-1.1966989982687666,0.001796634981109984,-0.0433449050238139
0.0,1.0,266,1,0.2445362651365945,-0.004755383417347649,0.0965128900229728
0.5,0.9,266,2,2.3254758462455114,0.01055870085241921,0.1352402544570777
0.9,0.5,266,3,3.747291683143662,-0.057267499330897385,0.1776914596071424
1.0,0.0,266,4,3.2057670462984613,0.05577307207159002,-0.0203348359874774
0.9,-0.5,266,5,4.025272487700298,-0.007656146771046314,0.2176816344617917
0.5,-0.9,266,6,3.963593410435265,0.05578578437315335,0.3110840025541027
0.0,-1.0,266,7,3.907584573660418,0.06406604649168193,0.3323202969570542
-0.5,-0.9,266,8,3.357074566597213,0.06285732375768441,0.4955315306951127
-0.9,-0.5,266,9,2.671289339586153,-0.030511235554428875,0.6087430671874554
-1.0,-0.0,266,10,4.007380128068086,0.11722790246625796,0.9182736469259278
-0.9,0.5,266,11,4.194743886393339,0.09635841398838568,0.9882157835042832
-0.5,0.9,266,12,2.091719152452095,0.08870008946459423,1.159259883877774
0.0,1.0,267,1,2.188172871582972,0.17878437311347067,1.4583420093530968
0.5,0.9,267,2,3.693327110346941,0.18475190502310923,1.912973348810579
0.9,0.5,267,3,3.400164049147254,0.268671387937243,1.804410714558924
1.0,0.0,267,4,0.5458624205472004,0.11111721811461095,1.5247025648980694
0.9,-0.5,267,5,-2.702489205161337,0.1112174414448674,1.2816274491613735
0.5,-0.9,267,6,-4.196780413704482,0.20847581906026078,1.0998848652131406
0.0,-1.0,267,7,-4.5548187022063225,0.21377584342483175,1.361795711223317
-0.5,-0.9,267,8,-4.924041805527581,0.17710077059201956,1.743874443845153
-0.9,-0.5,267,9,-6.876185577093768,0.07536581565521072,1.5318143747552937
-1.0,-0.0,267,10,-6.16846495101422,0.20889516884647905,1.9246300291965488
-0.9,0.5,267,11,-6.390044155057679,0.17114262003711145,1.8122621818082192
-0.5,0.9,267,12,-7.8034710323159775,0.15539628320465865,1.7177313550762157
0.0,1.0,268,1,-11.113073860209411,0.1684225873635752,1.831514092844392
0.5,0.9,268,2,-13.721472220445596,0.1451781881042517,1.8434136160218613
0.9,0.5,268,3,-16.66350316330502,0.036506598093218226,1.387879313051473
1.0,0.0,268,4,-19.802752657291443,0.02728651055955392,1.0422576746002787
0.9,-0.5,268,5,-20.011570385784665,0.03254264826219679,0.6554235911266846
0.5,-0.9,268,6,-18.19464588611177,0.04913391919439482,0.4945095771217438
0.0,-1.0,268,7,-16.123518990379214,-0.021504347548509762,0.0876982865259666
-0.5,-0.9,268,8,-14.670583810763684,-0.11732485682287327,-0.8671536473850767
-0.9,-0.5,268,9,-12.79453529675098,-0.0328610791369455,-1.2841338259644886
-1.0,-0.0,268,10,-10.774881335261892,-0.05478326143655025,-1.1928990296073216
-0.9,0.5,268,11,-9.061633942432149,-0.10987109750383016,-1.1679385706371743
-0.5,0.9,268,12,-6.927828990924681,-0.0760643966080009,-1.4351529452763043
0.0,1.0,269,1,-2.3152441343532373,-0.11811092786224767,-1.3583774535120423
0.5,0.9,269,2,1.071092105572865,-0.2143871100776919,-1.4153926297837522
0.9,0.5,269,3,1.7479209906503317,-0.15768333132095474,-1.467352537813159
1.0,0.0,269,4,1.234402037520458,-0.132862641256999,-1.4108208305910686
0.9,-0.5,269,5,1.551965200347698,-0.13508138890327934,-1.3246585836198896
0.5,-0.9,269,6,2.213485534778932,-0.17830465638480922,-1.6903416170987158
0.0,-1.0,269,7,1.9604728954918016,-0.16973386986677244,-1.8251949204806688
-0.5,-0.9,269,8,2.8606032109916044,-0.19199696078037437,-1.733512550212035
-0.9,-0.5,269,9,2.0637754968068465,-0.22324032727421095,-1.6904339732855511
-1.0,-0.0,269,10,1.637278640521157,-0.20386575797015352,-1.6966607915937089
-0.9,0.5,269,11,3.6441103889265567,-0.12056821273740433,-1.5121566839991338
-0.5,0.9,269,12,8.12731376823512,-0.10593128432973141,-1.2897602948193083
0.0,1.0,270,1,12.089747976845864,-0.13109767094166688,-0.913241724801938
0.5,0.9,270,2,11.64183773932612,-0.14805380358073778,-0.9036601554649368
0.9,0.5,270,3,9.960738397229388,-0.1156579644649962,-0.8669918330761226
1.0,0.0,270,4,8.663747132671109,-0.07031188495500386,-0.8601764940597362
0.9,-0.5,270,5,8.55533881944068,-0.04641639859879662,-0.7896671599338706
0.5,-0.9,270,6,8.012563857205409,0.0015147602413550418,-0.7010087432720401
0.0,-1.0,270,7,6.740887378228809,-0.06968057074918586,-0.6076626549963705
-0.5,-0.9,270,8,5.759322132990501,-0.007163765063068892,-0.5043713218269111
-0.9,-0.5,270,9,5.046477587739763,-0.10280423465263026,-0.4271379119297688
-1.0,-0.0,270,10,4.438494045258889,-0.06509131241340847,-0.5201848409404426
-0.9,0.5,270,11,3.71727610450216,-0.042974304954263576,-0.6706344645718901
-0.5,0.9,270,12,6.089045534950242,0.01624447293389279,-0.352456269171723
0.0,1.0,271,1,8.833117142588907,0.021098826861223444,-0.1566819397638156
0.5,0.9,271,2,11.40136600040287,-0.08249918082445243,-0.211464424863102
0.9,0.5,271,3,9.94888345108193,-0.006462605178951426,-0.3034733863533529
1.0,0.0,271,4,9.61977093257915,0.0530707945524117,0.0720959084621877
0.9,-0.5,271,5,9.689693363485151,-0.0048122979959896485,0.1137457825158537
0.5,-0.9,271,6,7.793916106487994,0.048859856863987965,0.0854706545048088
0.0,-1.0,271,7,6.826735230124217,-0.0007080343712628742,0.1234161565656786
-0.5,-0.9,271,8,5.121296288820856,0.06545457862836007,0.3612109214853242
-0.9,-0.5,271,9,5.104638228429261,0.002193795874331435,0.4738282050923676
-1.0,-0.0,271,10,2.9857720242396213,-0.046013657919932914,0.2947041553489918
-0.9,0.5,271,11,1.310869314117508,0.06558315626531667,0.2529562567726208
-0.5,0.9,271,12,1.6343578743599507,0.02437542754707037,0.378758599924729
0.0,1.0,272,1,1.0430264771636368,0.041904877839391105,0.2693480607093051
0.5,0.9,272,2,3.1149819138575423,0.11697667080730105,0.5189824578863438
0.9,0.5,272,3,3.313782963347588,0.06178248881038892,0.9061644857686008
1.0,0.0,272,4,0.3778477921066382,0.11134567289989541,0.7396842485159243
0.9,-0.5,272,5,-1.4873774809396516,0.1245744002793508,0.6163142561244563
0.5,-0.9,272,6,-2.611522529141272,0.07080076354505505,0.8049494698786296
0.0,-1.0,272,7,-4.725757156362963,0.03111972523192008,0.6162036910832253
-0.5,-0.9,272,8,-5.752586981235878,0.04085975759532712,0.0381696820438202
-0.9,-0.5,272,9,-3.23286139622646,0.018194248655894585,-0.0147403793149117
-1.0,-0.0,272,10,-3.0648769717355853,-0.06592849467346223,-0.4112258241399014
-0.9,0.5,272,11,-2.528489997784913,0.003461812008847394,-0.3776589421533948
-0.5,0.9,272,12,-1.4984274359729517,0.024003025844638787,-0.2695733388495371
0.0,1.0,273,1,-1.399316029055158,-0.10660708281245275,-0.6068488224990207
0.5,0.9,273,2,-1.708183726773589,-0.0864467653453971,-0.6822192370001234
0.9,0.5,273,3,-0.061221399883516,-0.08052781523194359,-0.6041424626930295
1.0,0.0,273,4,1.2206290047785022,-0.08741039021783197,-0.8413507281206891
0.9,-0.5,273,5,2.1705175359353714,-0.019689785415006246,-0.7348621212524059
0.5,-0.9,273,6,3.5961531122885733,-0.05297750680107983,-0.9275824067110752
0.0,-1.0,273,7,5.642635915419177,0.002162610594447607,-0.7384262638159939
-0.5,-0.9,273,8,5.36566345436265,-0.1560424825231424,-0.640573368909953
-0.9,-0.5,273,9,4.7795254807233984,-0.038144817029412484,-0.388577927598953
-1.0,-0.0,273,10,4.218738712712648,-0.04076723805844552,-0.3216388837310099
-0.9,0.5,273,11,5.006777541979762,-0.008013176400394818,-0.3361489374992293
-0.5,0.9,273,12,6.772761233575286,0.05707229027225597,-0.0026760201987895
0.0,1.0,274,1,8.771403903305075,-0.0302273370064784,0.1494488089956644
0.5,0.9,274,2,8.953358843615913,-0.010291877119561131,0.0405487498482841
0.9,0.5,274,3,10.555520138715432,0.029529443093070984,0.198203404728529
1.0,0.0,274,4,11.69819143857205,0.09031835557717367,0.453365687041195
0.9,-0.5,274,5,10.947574249037771,0.06219532852581495,0.7024340879203331
0.5,-0.9,274,6,8.380834161146879,0.1064362014317505,0.7508343928478952
0.0,-1.0,274,7,7.329917620460773,0.10564655733661264,0.8524661399956301
-0.5,-0.9,274,8,7.267447632034433,0.17807436583625944,1.004854987295802
-0.9,-0.5,274,9,6.743463705302799,0.14413715572879426,1.4550912675311392
-1.0,-0.0,274,10,5.477148964841541,0.16586185434347686,1.740306294386693
-0.9,0.5,274,11,4.774117548177382,0.1939178670500585,1.906957823875848
-0.5,0.9,274,12,2.695027892288743,0.19727870904345954,2.092907602650587
0.0,1.0,275,1,-1.6813348969339124,0.2038530312895587,2.113798324110894
0.5,0.9,275,2,-5.760184225879094,0.20504100848752185,2.009280638582784
0.9,0.5,275,3,-7.417634285202545,0.12843219262149108,1.5542961462386038
1.0,0.0,275,4,-10.580182940872517,0.07603002984106931,1.2383701620369607
0.9,-0.5,275,5,-12.102652086747003,0.12231110988843669,0.8616112776368323
0.5,-0.9,275,6,-11.38846623251761,0.1816918589103828,0.8610398652442413
0.0,-1.0,275,7,-9.90784538645912,0.07506552511770331,0.9907223361791404
-0.5,-0.9,275,8,-9.366249231098264,0.09075278133265083,0.823231872886792
-0.9,-0.5,275,9,-8.384999715428355,0.04666605521331581,0.7334301588246407
-1.0,-0.0,275,10,-7.582010250840106,0.06522945490641253,0.6070867465873772
-0.9,0.5,275,11,-7.501839676078552,0.07560042541452017,0.4232003744546007
-0.5,0.9,275,12,-6.909301615798526,0.053047865100179545,0.398849271950816
0.0,1.0,276,1,-7.829727767827837,-0.008809033339040064,-0.0120063191581796
0.5,0.9,276,2,-6.082822659780038,0.0403553716310658,0.1236165421749441
0.9,0.5,276,3,-5.218406552340194,-0.010707001123711554,0.196269677836323
1.0,0.0,276,4,-6.096952364326384,-0.013893745286232297,0.0808898491154121
0.9,-0.5,276,5,-6.529410347803282,0.029336809242035144,0.1696089710092934
0.5,-0.9,276,6,-6.381019281609882,0.010351940486724814,0.1135171327295372
0.0,-1.0,276,7,-5.578208754969074,0.026296945726710708,0.0137304316369863
-0.5,-0.9,276,8,-3.725618264966706,-0.0864162453358736,-0.2244254309395293
-0.9,-0.5,276,9,-4.235658285516371,-0.07791897018005581,-0.6544927524174561
-1.0,-0.0,276,10,-3.063559532301652,-0.037244316232734116,-0.546402946488917
-0.9,0.5,276,11,-2.5451691132543286,-0.05820190420075527,-0.6328192513925961
-0.5,0.9,276,12,-1.0084916712383931,-0.04770287171893651,-0.80183992395282
0.0,1.0,277,1,-0.9462285989631102,-0.10250461855277374,-0.8283546873968741
0.5,0.9,277,2,1.883395750026569,-0.07402193831721343,-0.780663758649195
0.9,0.5,277,3,4.3718017463698295,-0.04241768874488042,-0.7121107493446994
1.0,0.0,277,4,6.291941539289063,-0.0273990403392309,-0.7170055426304413
0.9,-0.5,277,5,7.379370990419187,0.01869291229501352,-0.4262041097342583
0.5,-0.9,277,6,7.869448650968053,0.02712326955590404,-0.4507835785910475
0.0,-1.0,277,7,7.529068771374916,-0.0416330033339959,-0.3144519256386924
-0.5,-0.9,277,8,6.193827989723106,-0.09163218881483438,-0.2658781471437028
-0.9,-0.5,277,9,3.7505778258849527,-0.1322959192813001,-0.4498975724371641
-1.0,-0.0,277,10,3.479690949902458,-0.05116931321361766,-0.3195936861198221
-0.9,0.5,277,11,4.1012371484394805,-0.015639168650920954,-0.282093197442323
-0.5,0.9,277,12,5.941501242721132,-0.04905882585068528,-0.2040852904911684
0.0,1.0,278,1,8.057944085232558,-0.02564565100629489,-0.0844846708520605
0.5,0.9,278,2,8.771267395798196,-0.01270309926604429,0.1737294361306118
0.9,0.5,278,3,6.852888602065199,0.005030283461141313,0.2290941823498709
1.0,0.0,278,4,4.419290096995288,-0.03313027347103486,0.1339231229852075
0.9,-0.5,278,5,3.4707542345095965,0.001401105070224987,0.0616758927501587
0.5,-0.9,278,6,4.144086082584429,0.009100900677081684,0.2328736872030701
0.0,-1.0,278,7,2.5801441236181835,0.03274230342514629,0.3798728682022409
-0.5,-0.9,278,8,1.6087732383856004,-0.02103275430667709,0.4143069848179398
-0.9,-0.5,278,9,0.6872237721149912,-0.005151474289604357,0.193384706045964
-1.0,-0.0,278,10,0.8840312230473016,0.0008228156465811336,0.1907266476472933
-0.9,0.5,278,11,1.4136469121966664,0.03960685519475508,0.321562282903485
-0.5,0.9,278,12,-0.2042256566779885,-0.08635992926905457,0.0105256610043456
0.0,1.0,279,1,-2.3330094346876056,-0.057171690381560114,-0.2990584583214409
0.5,0.9,279,2,-3.3980309998901026,-0.0021371126099954713,-0.2412894327660598
0.9,0.5,279,3,-2.7112348392295607,-0.02237589034355232,-0.0195719895467979
1.0,0.0,279,4,-3.13893585372076,-0.00635764044893018,0.2976044052313076
0.9,-0.5,279,5,-3.75258184223142,-0.03380588014796718,0.0399171151909132
0.5,-0.9,279,6,-4.399820222442987,-0.04203596649909428,-0.1428089745999113
0.0,-1.0,279,7,-4.682378393265679,-0.049494129419964485,-0.3366122484816892
-0.5,-0.9,279,8,-3.505366964056188,-0.01622534405066764,-0.4372206504977852
-0.9,-0.5,279,9,-1.7895626878353448,-0.07873933021234282,-0.6936134461009453
-1.0,-0.0,279,10,-0.5043892268938339,-0.058181811618672995,-0.7665678079453417
-0.9,0.5,279,11,0.1701728094085906,-0.03387564534197482,-0.6183195116297319
-0.5,0.9,279,12,3.5252396411308724,-0.03502601763663443,-0.4991187964608669
0.0,1.0,280,1,5.337560071913871,-0.07667786502936441,-0.6035026402978003
0.5,0.9,280,2,7.693397414459913,-0.047857488308800884,-0.5278119169511595
0.9,0.5,280,3,8.177113279005367,-0.006411348498710497,-0.3233664206992323
1.0,0.0,280,4,8.357686524134717,-0.024137051149897382,-0.3442866119441763
0.9,-0.5,280,5,7.338900478574466,0.050758620513383874,-0.1078957277201294
0.5,-0.9,280,6,6.33945026792121,-0.035714561083971044,-0.1958827343517102
0.0,-1.0,280,7,5.313306005601253,0.028664233027706213,-0.0720072069479624
-0.5,-0.9,280,8,5.688634697351969,0.0008569338832524288,-0.0738016778510691
-0.9,-0.5,280,9,4.312600293822829,-0.06539618862220122,-0.1233472367102353
-1.0,-0.0,280,10,2.891779281049674,-0.0015582259242713373,-0.2470492629093403
-0.9,0.5,280,11,2.519621359321996,-0.01653799471313463,-0.2653301358852981
-0.5,0.9,280,12,2.338563086698011,-0.055612493964704954,-0.388196632761676
0.0,1.0,281,1,1.0685763786695597,-0.013670255126292412,-0.363742307717244
0.5,0.9,281,2,-0.2438794908960201,-0.08633131086255115,-0.3019758476300407
0.9,0.5,281,3,-2.2555446563856973,-0.08585543269385458,-0.1917566726126217
1.0,0.0,281,4,-3.0036525369610514,-0.023722437980516497,-0.2107750671368746
0.9,-0.5,281,5,-2.1948363695983035,-0.03148295555632801,-0.1046339564822149
0.5,-0.9,281,6,-1.5009782835414585,-0.08608635371883448,-0.3462908851713002
0.0,-1.0,281,7,-1.7403439038810564,-0.011593026357521182,-0.541935979108323
-0.5,-0.9,281,8,-0.8725452598155026,-0.1244699269385394,-0.5670971765438152
-0.9,-0.5,281,9,-0.7916127657219371,-0.07313726194489292,-0.6328465440489383
-1.0,-0.0,281,10,1.1022570195792876,0.0011666480512155396,-0.4056594073265817
-0.9,0.5,281,11,2.081685026134778,-0.06707899047765774,-0.3823084004021587
-0.5,0.9,281,12,2.686996646356673,-0.11790506458886327,-0.4128209059336785
0.0,1.0,282,1,2.522466569877131,-0.07288173667942213,-0.4463645750010499
0.5,0.9,282,2,5.472085802225285,-0.07213616607471822,-0.3465770204788397
0.9,0.5,282,3,7.141647064554364,-0.05307847691826165,-0.2361976460957086
1.0,0.0,282,4,7.462619997744913,-0.0005095207786270086,-0.1764297033214786
0.9,-0.5,282,5,8.17690157763459,0.04765283873245938,-0.0541835333845406
0.5,-0.9,282,6,7.5476191059070095,0.1213117828947243,-0.0241590188200097
0.0,-1.0,282,7,8.825588823056188,0.14455357485010545,0.6567679819617305
-0.5,-0.9,282,8,8.48525043975506,0.09198912860459336,1.2575890771222504
-0.9,-0.5,282,9,6.564232788501397,0.11122614303546269,1.5238374023924115
-1.0,-0.0,282,10,5.332290358080871,0.17315633005561246,1.6503983414037189
-0.9,0.5,282,11,5.264804833829081,0.16604349771723484,1.907218139802374
-0.5,0.9,282,12,3.230649256112509,0.25757881686283984,2.1718268851033624
0.0,1.0,283,1,-2.242196657704314,0.16586555394864547,2.1225369429122534
0.5,0.9,283,2,-8.572707703060082,0.2323571275944465,1.8249610826588445
0.9,0.5,283,3,-10.478004506363868,0.1036730758548348,1.5472729793788105
1.0,0.0,283,4,-12.021189448821175,0.02824969341060161,0.9827713919765017
0.9,-0.5,283,5,-13.713092776814085,0.09462191317270305,0.6987627855164884
0.5,-0.9,283,6,-11.910878115072842,0.14017865881146563,0.6745674940528501
0.0,-1.0,283,7,-10.194744463789196,0.007341291181994896,0.2233498068909763
-0.5,-0.9,283,8,-8.13569769828332,0.10087871113346271,0.2892468789976046
-0.9,-0.5,283,9,-5.030101860644088,0.025361078869978713,0.4561503133013521
-1.0,-0.0,283,10,-5.914096443685517,-0.00011501277035903675,-0.1469749083425909
-0.9,0.5,283,11,-8.07127406915052,0.022949077250848562,-0.0397234159789834
-0.5,0.9,283,12,-8.630523487319495,-0.004784262299864153,-0.2869713206454358
0.0,1.0,284,1,-7.005689367964626,0.0021355376681270817,-0.3798854010401867
0.5,0.9,284,2,-6.060841448173926,-0.11222536918915868,-0.6626556353157845
0.9,0.5,284,3,-6.4121179319248345,-0.13063289200550812,-0.5772774050592728
1.0,0.0,284,4,-5.780320194402919,-0.05348667331287668,-0.573575638798907
0.9,-0.5,284,5,-5.087905640145918,-0.048371133472307884,-0.5117796503645292
0.5,-0.9,284,6,-3.6440106552101232,-0.03681238892044262,-0.5949457861144926
0.0,-1.0,284,7,-2.000993670546204,-0.0960465596937621,-0.8453655266573926
-0.5,-0.9,284,8,-1.1834747550548137,-0.06534781284876869,-1.0566335357821277
-0.9,-0.5,284,9,0.5915664957140709,-0.04948311650237984,-0.7490941877371707
-1.0,-0.0,284,10,1.6237514000868172,-0.07288129751933271,-0.4988507605024226
-0.9,0.5,284,11,1.6247875420074809,-0.05128534724020555,-0.3901700050138053
-0.5,0.9,284,12,2.003197446816666,-0.05204857395431634,-0.37529611462745
0.0,1.0,285,1,2.895092766799616,-0.03186452739079835,-0.3091773575119206
0.5,0.9,285,2,4.207269681427569,0.05421778462373165,-0.1201061004491413
0.9,0.5,285,3,6.886195428481122,-0.025745813659944904,0.1667443293867631
1.0,0.0,285,4,6.295165496694388,0.018073712336630545,0.0754531666759718
0.9,-0.5,285,5,5.080212731373278,-0.003369440586314726,0.0645364694524912
0.5,-0.9,285,6,3.867389790081977,0.06516090339299958,0.2460176374017272
0.0,-1.0,285,7,2.8591996224922167,0.02806288305704086,0.3049506466188486
-0.5,-0.9,285,8,2.127033391916421,0.07633162953658978,0.3773809797497942
-0.9,-0.5,285,9,1.7926913919924905,0.040504168913961046,0.7195096906589185
-1.0,-0.0,285,10,0.0008995127381501,-0.04351797384273189,0.3568473421079826
-0.9,0.5,285,11,-0.2677885190139756,0.08690587795846186,0.2674116712758563
-0.5,0.9,285,12,-0.822197853133237,-0.021713102240848367,0.0578576760234161
0.0,1.0,286,1,-4.792834652387378,-0.060152851992581836,-0.1661270321376354
0.5,0.9,286,2,-6.000570913272085,-0.0831136476432316,-0.1347526118459659
0.9,0.5,286,3,-7.0098508118557845,-0.03407406442126691,-0.0277796515918604
1.0,0.0,286,4,-5.352472553373677,-0.0161994750442496,-0.0921077041821435
0.9,-0.5,286,5,-4.24419077689465,0.008103511108177912,0.0684724282827871
0.5,-0.9,286,6,-3.752840809098216,0.04154018501092256,0.1451697349471731
0.0,-1.0,286,7,-3.967195565929433,-0.008311336580447923,0.0076407116743246
-0.5,-0.9,286,8,-2.4619513863578684,0.02625618492324129,-0.1153075501647892
-0.9,-0.5,286,9,-0.6092709234401785,0.04024658832526161,-0.0498688043891396
-1.0,-0.0,286,10,0.8594018065088554,-0.007009784548001419,0.0027955825190156
-0.9,0.5,286,11,0.0975136964573098,0.06873997864518303,-0.1781967523605655
-0.5,0.9,286,12,-0.979304068765358,-0.006956629762540745,-0.1118095401564403
0.0,1.0,287,1,-2.005354706513883,-0.049248693664182594,-0.2000421024809416
0.5,0.9,287,2,-0.7438156558958823,0.01988106986801552,0.043429581354004
0.9,0.5,287,3,-0.0263374016013741,-0.01688743687376479,0.024306690228222
1.0,0.0,287,4,-1.6677074159069425,-0.019423663860235047,-0.1594873890462564
0.9,-0.5,287,5,-1.9651393673289577,0.0449246783698391,0.2470972492277833
0.5,-0.9,287,6,-0.9440355966197224,0.033236040434336325,0.1731483842732405
0.0,-1.0,287,7,-1.5696905847475666,-0.04344151425421291,-0.0456295652177547
-0.5,-0.9,287,8,-2.1976578308650105,-0.06284982148779784,-0.2418302896896656
-0.9,-0.5,287,9,-0.6287512432426408,0.08366197457939867,0.0133175472769165
-1.0,-0.0,287,10,1.1794004330082035,0.070478983705635,0.5088733874493035
-0.9,0.5,287,11,1.9318902718605664,0.042658490396660656,0.6060289101710831
-0.5,0.9,287,12,1.2225006873957815,0.06334865490948455,0.5961754075526559
0.0,1.0,288,1,0.9711757378039966,0.06998269282749552,0.7873554775965433
0.5,0.9,288,2,0.9861559918091284,0.05053521314592175,0.7507592202128968
0.9,0.5,288,3,1.3270814807045754,0.04740590532872424,0.7629136266984883
1.0,0.0,288,4,1.6120714990287954,0.07096392710688976,0.3769595072666709
0.9,-0.5,288,5,2.1942458448163924,0.06732512558650289,0.6752098669147277
0.5,-0.9,288,6,1.7841055890277364,0.14236963231277916,0.9582431962282834
0.0,-1.0,288,7,1.4115377798424011,0.1385801909232022,1.187251536479991
-0.5,-0.9,288,8,1.455949507025175,0.10470708201706318,1.5898907494869816
-0.9,-0.5,288,9,0.0649203790891567,0.13544787261061933,1.7043889627394242
-1.0,-0.0,288,10,-1.3489062836458798,0.12551749370174883,1.815971315156408
-0.9,0.5,288,11,-1.7388374782533609,0.16166926950646854,1.7320840341591586
-0.5,0.9,288,12,-2.309128619988744,0.2283475126049187,2.148053420928491
0.0,1.0,289,1,-5.432653431419398,0.13435265932297388,2.210998111224337
0.5,0.9,289,2,-12.184858222137391,0.14067797372356095,1.810828098767488
0.9,0.5,289,3,-13.812082250253,0.08735925958539224,1.333753354156736
1.0,0.0,289,4,-13.399625469263356,0.012621347855962844,0.7572897815765223
0.9,-0.5,289,5,-13.33181916321324,0.12256147727811084,0.8013199524689705
0.5,-0.9,289,6,-11.835400532860753,0.12149028500004642,0.8939302682884953
0.0,-1.0,289,7,-10.74976430179488,0.04501283203224091,0.7565796972011518
-0.5,-0.9,289,8,-11.163663365416705,-0.05279342385026246,0.020559775469621
-0.9,-0.5,289,9,-10.352163577161882,0.11018486504916335,-0.1443696536312208
-1.0,-0.0,289,10,-9.154484969380862,0.02042435399428454,-0.0814289298036299
-0.9,0.5,289,11,-8.600397159252124,0.008869511866470748,-0.407264875254105
-0.5,0.9,289,12,-6.550088422148205,0.0003057322572782512,-0.3149510542023248
0.0,1.0,290,1,-8.300940297348127,-0.12273048620499143,-0.610734873947504
0.5,0.9,290,2,-9.807908085535557,-0.14140102302018326,-0.983631733130558
0.9,0.5,290,3,-11.45099213533077,-0.19580628405230155,-1.1049063543658166
1.0,0.0,290,4,-10.52681059846076,-0.11558124485823884,-1.0626251800902315
0.9,-0.5,290,5,-7.787561607942981,-0.13816835803739833,-1.145786416626258
0.5,-0.9,290,6,-4.251518878853206,-0.1123073139603711,-1.3623985856026724
0.0,-1.0,290,7,-1.0579885457957856,-0.09243091329278165,-1.4614960988326615
-0.5,-0.9,290,8,1.67435084668195,-0.07923254059804206,-1.411674436882019
-0.9,-0.5,290,9,3.26803648064824,-0.1896142805361814,-1.2971604995961974
-1.0,-0.0,290,10,3.732105259327217,-0.0322308422153646,-1.18785977791677
-0.9,0.5,290,11,4.130496479989921,-0.1080607950618239,-1.095979502228076
-0.5,0.9,290,12,5.473556997357108,-0.17165838831568125,-1.1616622045423093
0.0,1.0,291,1,5.091497714439474,-0.2071517492836812,-1.1674105118666598
0.5,0.9,291,2,3.379902773948116,-0.25290304511877476,-1.4237144916222124
0.9,0.5,291,3,0.7842900487541636,-0.15016916763368748,-1.2928229390804455
1.0,0.0,291,4,2.575331910860088,-0.11129398049879415,-1.0717524280927586
0.9,-0.5,291,5,4.660538439182961,-0.043364076805451936,-0.8487427691723122
0.5,-0.9,291,6,5.26264622242354,-0.008805022722067827,-0.6132877468955321
0.0,-1.0,291,7,3.1998034366165564,-0.09430444679939878,-0.7882965397094219
-0.5,-0.9,291,8,1.8687096152733609,-0.02561004315761439,-0.6831082215659634
-0.9,-0.5,291,9,2.800659558738542,-0.05017510240159621,-0.3166297739561822
-1.0,-0.0,291,10,2.376484406720623,-0.009268051057695815,-0.2140227289607736
-0.9,0.5,291,11,1.8871966873202528,0.0062001153989259435,-0.161733529096388
-0.5,0.9,291,12,1.2880520500740886,0.002728255400886882,0.0163984586273377
0.0,1.0,292,1,1.5981808515466165,0.03123706849719263,0.207909355713792
0.5,0.9,292,2,1.669567256340924,-0.002792087212614662,0.1171883151425701
0.9,0.5,292,3,0.6393670911853996,0.010906772691550087,0.1534511337406626
1.0,0.0,292,4,-0.6653370058601983,0.0013490045982654424,0.0428738036915141
0.9,-0.5,292,5,-1.9535759916790048,0.037531063193376867,0.1898029522396155
0.5,-0.9,292,6,-1.8844952367248229,0.04875348862621768,0.0396844587015011
0.0,-1.0,292,7,-1.946469746720611,0.043182053574415145,0.3264997504093068
-0.5,-0.9,292,8,-3.0047091905744274,-0.07033721780517008,0.2532433030945533
-0.9,-0.5,292,9,-3.53876889013904,-0.05399395720821282,-0.0561880246176331
-1.0,-0.0,292,10,-2.669990266743824,-0.04018893811005944,-0.3691744819520969
-0.9,0.5,292,11,-0.4646403175497741,0.008612441286328739,-0.0722504796331922
-0.5,0.9,292,12,0.0748687022176375,-0.12299923082874128,-0.5386414229451275
0.0,1.0,293,1,-0.0002762328093656,-0.13045604385537074,-0.7339907320411255
0.5,0.9,293,2,2.294900438900252,-0.08631039799465542,-0.6358313462794151
0.9,0.5,293,3,4.237790871021575,-0.048478031115744155,-0.4415514118986112
1.0,0.0,293,4,7.498451156227025,-0.04405576709640205,-0.3337981273612677
0.9,-0.5,293,5,9.050807487624436,0.027924461766966543,-0.1186096710356034
0.5,-0.9,293,6,7.920651707119389,0.0517609414737622,-0.2078805456013255
0.0,-1.0,293,7,6.672611880978639,-0.018990405342270728,0.0090193665824943
-0.5,-0.9,293,8,5.413940652458964,0.024082975129515766,-0.0358992557142245
-0.9,-0.5,293,9,5.69460203683805,-0.022917912145405565,0.2594181636881383
-1.0,-0.0,293,10,3.994221238841405,0.030858893326800644,0.3927242749951174
-0.9,0.5,293,11,2.249108307150585,0.021927127367228662,0.4216210799855223
-0.5,0.9,293,12,1.5725060813941103,-0.0338395169504021,0.3057467396238327
0.0,1.0,294,1,-0.6114516436442299,-0.05168849975781984,0.0449602646644452
0.5,0.9,294,2,-0.63091229729508,0.029755682053476003,-0.0014133387782984
0.9,0.5,294,3,0.4457294950381885,0.12035031019972987,0.1676930618147986
1.0,0.0,294,4,1.871306776779315,-0.007131952477856668,0.3315304533096458
0.9,-0.5,294,5,1.8369332694494127,0.10760847557021345,0.4896697758984131
0.5,-0.9,294,6,1.9752186218102563,0.06904369643954544,0.6426559887851365
0.0,-1.0,294,7,1.0402853975465292,0.030722375827299444,0.6032696961820718
-0.5,-0.9,294,8,1.086105389453594,0.04795439178681507,0.6475511815093492
-0.9,-0.5,294,9,1.5059045308872925,0.030614935010937296,0.5451738627734609
-1.0,-0.0,294,10,1.1163057847582791,0.1143874461799197,0.7033308208923491
-0.9,0.5,294,11,0.5839603876860373,0.0809077642207668,0.7942887764310125
-0.5,0.9,294,12,-0.2049038984724188,0.08059880114474319,1.0764326855923787
0.0,1.0,295,1,-2.509395949529168,0.016945831722247177,1.0240856424498768
0.5,0.9,295,2,-2.803903528020307,0.12175157791185882,0.9699870745781812
0.9,0.5,295,3,-3.305474179600761,0.12045115850892921,0.8930445974201929
1.0,0.0,295,4,-5.281826292974595,0.06756635470318359,0.9608441904090376
0.9,-0.5,295,5,-7.330074109559826,0.10530901773016159,0.9084034907062534
0.5,-0.9,295,6,-7.115193583806363,0.11212019139604339,1.1095166296935044
0.0,-1.0,295,7,-7.349548810763364,0.09261585533098605,1.1245334814900056
-0.5,-0.9,295,8,-6.731030600640756,0.08246907884133861,0.909343241981047
-0.9,-0.5,295,9,-6.405601134703645,0.0686822368131095,0.5259296972950848
-1.0,-0.0,295,10,-5.874928545150225,0.05875107421718547,0.4965111334744114
-0.9,0.5,295,11,-6.388436596008428,0.029402604747645174,0.2027807414036742
-0.5,0.9,295,12,-7.41590919529914,0.02786617262952377,0.0549953102525887
0.0,1.0,296,1,-7.828620090083946,-0.01331248963693933,0.0237874859694597
0.5,0.9,296,2,-7.85025114595448,-0.024232262821738095,-0.1318772057257739
0.9,0.5,296,3,-9.079677707759284,-0.18080600932453678,-0.4433399840666889
1.0,0.0,296,4,-9.037896181346351,-0.01633295903469551,-0.4572522429254679
0.9,-0.5,296,5,-6.689318737580197,0.021086874124038025,-0.2301216241793683
0.5,-0.9,296,6,-4.125737274267896,-0.00800815036664923,-0.318004225965519
0.0,-1.0,296,7,-2.718143638150627,0.009351043638202546,-0.3758710649905721
-0.5,-0.9,296,8,-0.7439853055700981,0.07564538050728668,-0.0163404407559373
-0.9,-0.5,296,9,-1.4120489646153578,-0.07156906727263926,-0.0261971219933358
-1.0,-0.0,296,10,-1.7119222936383105,-0.014123881568171438,-0.0563070360090865
-0.9,0.5,296,11,-2.3896509854981764,-0.0200901651480322,0.0572713474411719
-0.5,0.9,296,12,-2.88435093913772,-0.033836649116328096,-0.1677210053391693
0.0,1.0,297,1,-3.827096117424684,-0.10338055784030004,-0.575594109777661
0.5,0.9,297,2,-1.1687644585887524,-0.048092688117865136,-0.5022235068725487
0.9,0.5,297,3,-0.2681699805025765,-0.12009833265225672,-0.6170324567405903
1.0,0.0,297,4,0.6009095651154623,-0.01997711801417415,-0.5161359808127284
0.9,-0.5,297,5,2.402638046640448,0.003469805797368352,-0.3749020848298418
0.5,-0.9,297,6,3.679196187671059,-0.016895195542201636,-0.387200615903036
0.0,-1.0,297,7,3.623562365897111,0.027197264880579976,-0.3461786950452331
-0.5,-0.9,297,8,3.722450493357379,-0.006076165737504092,-0.1782049982183948
-0.9,-0.5,297,9,4.947147137679831,0.021660627195284304,0.0123998189116267
-1.0,-0.0,297,10,5.348703643439787,-0.007909662264184963,0.1526726758775397
-0.9,0.5,297,11,4.748044554435275,0.04630532322593455,0.2178821644821227
-0.5,0.9,297,12,3.846873182763576,0.010863707898580257,0.195635579912311
0.0,1.0,298,1,3.0869159911663244,0.039761890489173446,0.3766599701308216
0.5,0.9,298,2,3.5834676934232648,0.06766359228223484,0.4672073673894568
0.9,0.5,298,3,3.831590898158258,0.04911411699285569,0.6373200439304261
1.0,0.0,298,4,2.9099134741431234,0.003703289503635209,0.5819730119837342
0.9,-0.5,298,5,1.1984438999572466,0.053277633656562844,0.6159909365672961
0.5,-0.9,298,6,1.4884165219811696,0.0774150961888245,0.7006564055126778
0.0,-1.0,298,7,0.8896715519895535,0.049163425934373756,0.6125713619510449
-0.5,-0.9,298,8,0.9547824389539834,-0.011299358232166745,0.7242783488533318
-0.9,-0.5,298,9,-1.152628786740955,0.019624068424890284,0.2510087481273858
-1.0,-0.0,298,10,-0.4983539324727236,0.060686429846361856,0.3161565916475161
-0.9,0.5,298,11,-1.003182018026001,0.0018679751121291224,-0.0163848092188173
-0.5,0.9,298,12,-0.944441314113808,-0.05836467691406911,-0.17281159699987
0.0,1.0,299,1,-2.359964500885384,-0.074319329521275,-0.3881428799397044
0.5,0.9,299,2,-0.4659347620664082,-0.018175961662380506,-0.277860818450099
0.9,0.5,299,3,1.1639861948739794,-0.07303676721784784,-0.3232619088076955
1.0,0.0,299,4,1.6904279485183316,-0.033517433034221215,-0.4288295861660041
0.9,-0.5,299,5,2.0490114984150525,-0.04104122959967577,-0.5171088885074283
0.5,-0.9,299,6,3.1690654156876783,0.014658232823561587,-0.5584852818809218
0.0,-1.0,299,7,4.711122830689255,0.07490221523542362,-0.4000055216083749
-0.5,-0.9,299,8,5.897650080823266,-0.011084485529569726,0.0998751841962448
-0.9,-0.5,299,9,5.2712625875430605,0.015103187045500581,0.2019626774898054
-1.0,-0.0,299,10,5.035117237621367,-0.00019876417165221014,0.4254157535230621
-0.9,0.5,299,11,3.8978096729901632,0.07050618055481371,0.4806531495664007
-0.5,0.9,299,12,3.697400406891792,0.08758271647346223,0.618768132616366
0.0,1.0,300,1,2.7298650577696577,0.08891137856436258,0.5385826312047329
0.5,0.9,300,2,3.147044599700144,-0.01560533856701778,0.6170735385551006
0.9,0.5,300,3,0.3397701669699352,0.040582112103279125,0.4467124290428184
1.0,0.0,300,4,0.4216161163385587,0.10191553672289948,0.6573967825061588
0.9,-0.5,300,5,1.1662934994274654,0.11903676525618521,0.67735926600168
0.5,-0.9,300,6,1.0948623140933524,0.1279103175739405,0.6446791509780174
0.0,-1.0,300,7,-0.5275688514757666,0.10523259016904087,1.10115021968601
-0.5,-0.9,300,8,-2.1056043945187404,0.07533422280662144,1.3148092812978276
-0.9,-0.5,300,9,-1.171992225979555,0.09972891074753411,1.2330262987831455
-1.0,-0.0,300,10,-1.6684116985644666,0.03694623114807358,0.9005239005865798
-0.9,0.5,300,11,-3.8105495026516727,0.0535768786552253,0.6058996509264402
-0.5,0.9,300,12,-3.021341422657142,0.11114057257247588,0.6575075424296838
